ID_CURSO_ALUNO,ANO_INGRESSO,PERIODO_INGRESSO,ANO_EVASAO,PERIODO_EVASAO,FORMA_EVASAO_ITEM,ELC104,ELC105,LTE222,MTM101,MTM144,ELC106,LTE219,ELC202,ELC203,ELC204,FSC221,STC303,ELC205,ELC206,ELC207,ELC306,MTM224,ELC307,ELC308,ELC309,ELC310,ELC502,ELC311,ELC312,ELC313,ELC314,ELC315,ELC407,ELC408,ELC409,ELC410,ELC411,ELC610,MTM126,MTM145,ACG086,ELC609,ELC107,ELC412,ELC413,ELC614,ELC414,ACG077,ACG078,ACG088,EGI504,CIE502,ELC612,ELC611,ELC108,ELC615,ELC613,ELC616,ELC617,EGI107,ELC120,CAD216,PSI303,CAD119,EGR846,ELC137,ELC129,ELC119,ELC126,ELC130,ELC132,ELC115,ELC117,ELC116,ELC114,ELC125,ELC138,ELC123,ELC133,CAD413,CIC603,CIC610,CIC627,CIC604,CIC615,CIC600,CIC632,CIC637,CIC645,FSC135,CIC616,CIC617,CIC612,CIC628,CIC613,CIC614,ELC128,ELC134,ELC131,CAD101,ELC124,ELC118,ELC136,CIC618,CIC619,CIC620,CIC621,CIC609,CIC611,ELC135,MTM198,CIC633,MTM170,PSI600,CIC638,CIC624,CIC625,CIC626,ELC121,ELC122,ELC113,CAD602,CAD604,CIC636,CIC622,CIC623,ELC139,CIC634,CIC644,CIC640,CIC642,CIC641,CIC630,CIC631,CIC643,CIC639,CIC635,ELC1034,ELC1008,ELC1002,ELC1001,ELC1014,MTM1020,ELC1018,MTM1018,ELC1012,ELC1044,ELC1033,ELC112,ELC127,CIN118,CIN120,CIE1001,JUR403,ELC619,ELC110,FAF104,CAD601,DPS1000,ELC1011,ELC1016,MEN231,EDA404,EGI843,ELC1004,LTE1059,EPG113,HDS101,QMC142,ELC111,MTM1019,DPS1004,CAD122,CTB1017,CAD1001,CAD1012,CAD1007,ADE102,ADE204,ELC1017,ELC1006,ELC1007,ELC1009,ELC1020,ELC1013,MTM1025,ELC1015,DCT1031,CAD127,CAD133,ELC1043,MTM203,MTM204,MTM310,ELC1035,ELC1010,DCT1050,ELC1019,ELC1084,ELC1086,ELC1005,LTE1060,CAD1042,ELC1072,CAD1002,ELC1067,ELC1066,ELC1083,ELC1080,ELC1051,ELC1053,ELC1089,CAD5007,ELC1082,ELC1076,ELC1088,ELC1064,ELC1065,ELC1097,ELC1079,CAD1043,ELC1090,CAD1044,ELC1069,ELC1092,ELC1070,ELC1071,CAD1034,ELC1085,MTM1040,ELC1068,CIE1002,ELC1098,CTB1059,CTB1016,JUR524,JUR1004,FAF1022,MTM1003,DCT1011,ELC1093,ELC1096,ELC1104,EDE1114,ELC1108,DPADI0029,DCOM1000,ELC1074
43889.0,1996.0,1,1999.0,2,NaoFormou,0.0,,,,,,,,,,,,,,,,,,,,,,,,,,,,,,,,,,,,,,,,,,,,,,,,,,,,,,,,,,,,,,,,,,,,,,,,,,,,,,,,,,,,,,,,,,,,,,,,,,,,,,,,,,,,,,,,,,,,,,,,,,,,,,,,,,,,,,,,,,,,,,,,,,,,,,,,,,,,,,,,,,,,,,,,,,,,,,,,,,,,,,,,,,,,,,,,,,,,,,,,,,,,,,,,,,,,,,,,,,,,,,,,,,,,,,,,,,,,,,,,,,
43890.0,1996.0,1,1999.0,2,Formou,0.0,1.0,0.0,0.0,0.0,1.0,2.0,-3.0,0.0,1.0,0.0,0.0,-1.0,2.0,1.0,2.0,2.0,0.0,0.0,0.0,0.0,2.0,2.0,2.0,2.0,2.0,2.0,0.0,0.0,5.0,0.0,0.0,,2.0,2.0,,0.0,-5.0,2.0,2.0,0.0,2.0,,,,,,,,,,0.0,,0.0,,,,,,,,,,,,,,,,,,,,,,,,,,,,,,,,,,,,,,,,,,,,,,,,,,,,,,,,,,,,,,,,,,,,,,,,,,,,,,,,,,,,,,,,,,,,,,,,,,,,,,,,,,,,,,,,,,,,,,,,,,,,,,,,,,,,,,,,,,,,,,,,,,,,,,,,,,,,,,,,,,,,,,,,,,,,,,,,,,,,,,,,,,,,,
43891.0,1996.0,1,2002.0,1,NaoFormou,,,-2.0,-2.0,-2.0,,-2.0,,,,,,,,,,,,,,,,,,,,,,,,,,,,-2.0,,,,,,,,,,,,,,,,,,,,,,,,,,,,,,,,,,,,,,,,,,,,,,,,,,,,,,,,,,,,,,,,,,,,,,,,,,,,,,,,,,,,,,,,,,,,,,,,,,,,,,,,,,,,,,,,,,,,,,,,,,,,,,,,,,,,,,,,,,,,,,,,,,,,,,,,,,,,,,,,,,,,,,,,,,,,,,,,,,,,,,,,,,,,,,,,,,,,,,,,,,,,,,,,
43892.0,1996.0,1,2003.0,1,NaoFormou,,,0.0,0.0,0.0,,2.0,,,,,0.0,,,,0.0,2.0,0.0,,,,,,,,,,,,,,,,2.0,2.0,,,,,,0.0,,,,,,,,,,,0.0,,,,,,,,,,,,,,,,,,,,,,,,,,,,,,,,,,,,,,,,,,,,,,,,,,,,,,,,,,,,,,,,,,,,,,,,,,,,,,,,,,,,,,,,,,,,,,,,,,,,,,,,,,,,,,,,,,,,,,,,,,,,,,,,,,,,,,,,,,,,,,,,,,,,,,,,,,,,,,,,,,,,,,,,,,,,,,,,,,,,,,,,,,,,,,,
43893.0,1996.0,1,1999.0,2,Formou,0.0,1.0,0.0,0.0,0.0,1.0,2.0,-3.0,0.0,1.0,0.0,0.0,-1.0,2.0,1.0,2.0,2.0,0.0,0.0,0.0,0.0,2.0,2.0,2.0,2.0,2.0,2.0,0.0,0.0,5.0,0.0,0.0,,2.0,2.0,,0.0,-5.0,2.0,2.0,0.0,2.0,,,,,,,,,,0.0,,0.0,,,,,,,,,,,,,,,,,,,,,,,,,,,,,,,,,,,,,,,,,,,,,,,,,,,,,,,,,,,,,,,,,,,,,,,,,,,,,,,,,,,,,,,,,,,,,,,,,,,,,,,,,,,,,,,,,,,,,,,,,,,,,,,,,,,,,,,,,,,,,,,,,,,,,,,,,,,,,,,,,,,,,,,,,,,,,,,,,,,,,,,,,,,,,
43894.0,1996.0,1,1999.0,2,Formou,0.0,1.0,0.0,0.0,0.0,1.0,2.0,-3.0,0.0,1.0,0.0,0.0,-1.0,2.0,1.0,2.0,2.0,0.0,0.0,0.0,0.0,2.0,2.0,2.0,2.0,2.0,2.0,0.0,0.0,5.0,0.0,0.0,,2.0,2.0,,0.0,-5.0,2.0,2.0,0.0,2.0,,,,,,,,,,0.0,,0.0,,,,,,,,,,,,,,,,,,,,,,,,,,,,,,,,,,,,,,,,,,,,,,,,,,,,,,,,,,,,,,,,,,,,,,,,,,,,,,,,,,,,,,,,,,,,,,,,,,,,,,,,,,,,,,,,,,,,,,,,,,,,,,,,,,,,,,,,,,,,,,,,,,,,,,,,,,,,,,,,,,,,,,,,,,,,,,,,,,,,,,,,,,,,,
43895.0,1996.0,1,1999.0,2,Formou,0.0,1.0,0.0,0.0,0.0,1.0,2.0,-3.0,0.0,1.0,0.0,0.0,-1.0,2.0,1.0,2.0,2.0,0.0,0.0,0.0,0.0,,2.0,2.0,2.0,2.0,2.0,0.0,0.0,5.0,0.0,0.0,,2.0,2.0,,0.0,-5.0,2.0,2.0,,2.0,0.0,,,,,,,,,0.0,,0.0,,,,,,,,,,,,,,,,,,,,,,,,,,,,,,,,,,,,,,,,,,,,,,,,,,,,,,,,,,,,,,,,,,,,,,,,,,,,,,,,,,,,,,,,,,,,,,,,,,,,,,,,,,,,,,,,,,,,,,,,,,,,,,,,,,,,,,,,,,,,,,,,,,,,,,,,,,,,,,,,,,,,,,,,,,,,,,,,,,,,,,,,,,,,,
43896.0,1996.0,1,2001.0,2,NaoFormou,,,0.0,0.0,0.0,,2.0,,,,,0.0,,,,0.0,2.0,0.0,,,,,,,,,,,,,,,,2.0,2.0,,,,,,,,0.0,,,,,,,,,,,,,,,,,,,,,,,,,,,,,,,,,,,,,,,,,,,,,,,,,,,,,,,,,,,,,,,,,,,,,,,,,,,,,,,,,,,,,,,,,,,,,,,,,,,,,,,,,,,,,,,,,,,,,,,,,,,,,,,,,,,,,,,,,,,,,,,,,,,,,,,,,,,,,,,,,,,,,,,,,,,,,,,,,,,,,,,,,,,,,,,,,,,,,,,,
43897.0,1996.0,1,2000.0,2,Formou,0.0,1.0,0.0,0.0,0.0,1.0,2.0,-3.0,0.0,-2.0,0.0,0.0,-1.0,2.0,1.0,2.0,2.0,0.0,1.0,0.0,0.0,2.0,0.0,2.0,2.0,2.0,2.0,-2.0,0.0,5.0,0.0,0.0,,2.0,2.0,,0.0,-5.0,2.0,2.0,,0.0,0.0,,,,,,,,,,,,,,0.0,0.0,,,,,,,,,,,,,,,,,,,,,,,,,,,,,,,,,,,,,,,,,,,,,,,,,,,,,,,,,,,,,,,,,,,,,,,,,,,,,,,,,,,,,,,,,,,,,,,,,,,,,,,,,,,,,,,,,,,,,,,,,,,,,,,,,,,,,,,,,,,,,,,,,,,,,,,,,,,,,,,,,,,,,,,,,,,,,,,,,,,,,,,,,
43898.0,1996.0,1,2002.0,1,Formou,0.0,1.0,0.0,0.0,0.0,1.0,2.0,-5.0,0.0,1.0,0.0,,-1.0,2.0,1.0,2.0,2.0,,-2.0,0.0,-2.0,,2.0,2.0,2.0,0.0,2.0,-2.0,-2.0,5.0,-2.0,-2.0,,2.0,2.0,,0.0,-7.0,0.0,0.0,,0.0,,,,,,,,,,0.0,,,,,,,,,,,,,,,,,,,,,,,,,,,,,,,,,,,,,,,,,,,,,,,,,,,,,,,,,,,,,,,,,,,,,,,,,,,,,,,,,,,,,,,,,,,,,,,,,,,,,,,,,,,,,,,,,,,,,,,,,,,,,,,,,,,,,,,,,,,,,,,,,,,,,,,,,,,,,,,,,,,,,,,,,,,,,,,,,,,,,,,,,,,,,,,
43899.0,1996.0,1,1999.0,2,Formou,0.0,1.0,0.0,0.0,0.0,1.0,2.0,-3.0,0.0,1.0,0.0,0.0,-1.0,2.0,1.0,2.0,2.0,0.0,0.0,0.0,0.0,2.0,2.0,2.0,2.0,2.0,2.0,0.0,0.0,5.0,0.0,0.0,,2.0,2.0,0.0,0.0,-5.0,2.0,2.0,0.0,2.0,,,,,,,,,,0.0,,0.0,,,,,,,,,,,,,,,,,,,,,,,,,,,,,,,,,,,,,,,,,,,,,,,,,,,,,,,,,,,,,,,,,,,,,,,,,,,,,,,,,,,,,,,,,,,,,,,,,,,,,,,,,,,,,,,,,,,,,,,,,,,,,,,,,,,,,,,,,,,,,,,,,,,,,,,,,,,,,,,,,,,,,,,,,,,,,,,,,,,,,,,,,,,,,
43900.0,1996.0,1,1999.0,2,Formou,0.0,1.0,0.0,0.0,0.0,1.0,2.0,-3.0,0.0,1.0,0.0,0.0,-1.0,2.0,1.0,2.0,2.0,0.0,0.0,0.0,0.0,,2.0,2.0,2.0,-1.0,2.0,0.0,0.0,5.0,0.0,0.0,,2.0,2.0,,0.0,-5.0,2.0,2.0,0.0,2.0,,,,,,,,,,0.0,,0.0,,,,,,,,,,,,,,,,,,,,,,,,,,,,,,,,,,,,,,,,,,,,,,,,,,,,,,,,,,,,,,,,,,,,,,,,,,,,,,,,,,,,,,,,,,,,,,,,,,,,,,,,,,,,,,,,,,,,,,,,,,,,,,,,,,,,,,,,,,,,,,,,,,,,,,,,,,,,,,,,,,,,,,,,,,,,,,,,,,,,,,,,,,,,,
43902.0,1996.0,1,2000.0,2,Formou,0.0,1.0,0.0,0.0,0.0,1.0,2.0,-3.0,0.0,1.0,0.0,0.0,-1.0,2.0,1.0,2.0,2.0,0.0,0.0,0.0,0.0,2.0,2.0,2.0,2.0,2.0,2.0,0.0,0.0,5.0,0.0,0.0,,2.0,2.0,,0.0,-5.0,2.0,2.0,,0.0,0.0,,,,,,,,,0.0,,0.0,,,,,,,,,,,,,,,,,,,,,,,,,,,,,,,,,,,,,,,,,,,,,,,,,,,,,,,,,,,,,,,,,,,,,,,,,,,,,,,,,,,,,,,,,,,,,,,,,,,,,,,,,,,,,,,,,,,,,,,,,,,,,,,,,,,,,,,,,,,,,,,,,,,,,,,,,,,,,,,,,,,,,,,,,,,,,,,,,,,,,,,,,,,,,
43903.0,1996.0,1,1999.0,2,Formou,0.0,1.0,0.0,0.0,0.0,1.0,2.0,-3.0,0.0,1.0,0.0,0.0,-1.0,2.0,1.0,2.0,2.0,0.0,0.0,0.0,0.0,2.0,2.0,2.0,2.0,2.0,2.0,0.0,0.0,5.0,0.0,0.0,,2.0,2.0,,0.0,-5.0,2.0,2.0,,2.0,0.0,,,,,,,,,0.0,,0.0,,,,,,,,,,,,,,,,,,,,,,,,,,,,,,,,,,,,,,,,,,,,,,,,,,,,,,,,,,,,,,,,,,,,,,,,,,,,,,,,,,,,,,,,,,,,,,,,,,,,,,,,,,,,,,,,,,,,,,,,,,,,,,,,,,,,,,,,,,,,,,,,,,,,,,,,,,,,,,,,,,,,,,,,,,,,,,,,,,,,,,,,,,,,,
43904.0,1996.0,1,1999.0,2,NaoFormou,0.0,1.0,0.0,,,,2.0,,0.0,,,,-1.0,2.0,1.0,,,,0.0,0.0,0.0,,,,,,,,,5.0,,,,,,,0.0,,,,,,,,,,,,,,,,,,,,,,,,,,,,,,,,,,,,,,,,,,,,,,,,,,,,,,,,,,,,,,,,,,,,,,,,,,,,,,,,,,,,,,,,,,,,,,,,,,,,,,,,,,,,,,,,,,,,,,,,,,,,,,,,,,,,,,,,,,,,,,,,,,,,,,,,,,,,,,,,,,,,,,,,,,,,,,,,,,,,,,,,,,,,,,,,,,,,,,,,,,,,,,
43905.0,1996.0,1,1999.0,2,Formou,0.0,1.0,0.0,0.0,0.0,1.0,2.0,-3.0,0.0,1.0,0.0,0.0,-1.0,2.0,1.0,2.0,2.0,0.0,0.0,0.0,0.0,2.0,2.0,2.0,2.0,2.0,2.0,0.0,0.0,5.0,0.0,0.0,,2.0,2.0,,0.0,-5.0,2.0,2.0,0.0,2.0,,,,,,,,,,0.0,,0.0,,,,,,,,,,,,,,,,,,,,,,,,,,,,,,,,,,,,,,,,,,,,,,,,,,,,,,,,,,,,,,,,,,,,,,,,,,,,,,,,,,,,,,,,,,,,,,,,,,,,,,,,,,,,,,,,,,,,,,,,,,,,,,,,,,,,,,,,,,,,,,,,,,,,,,,,,,,,,,,,,,,,,,,,,,,,,,,,,,,,,,,,,,,,,
43906.0,1996.0,1,1999.0,2,Formou,0.0,1.0,0.0,0.0,0.0,1.0,2.0,-3.0,0.0,1.0,0.0,0.0,-1.0,2.0,1.0,2.0,2.0,0.0,0.0,0.0,0.0,2.0,2.0,2.0,2.0,2.0,2.0,0.0,0.0,5.0,0.0,0.0,,2.0,2.0,,0.0,-5.0,2.0,2.0,,2.0,0.0,,,,,,,,,,,0.0,,,,,0.0,,,,,,,,,,,,,,,,,,,,,,,,,,,,,,,,,,,,,,,,,,,,,,,,,,,,,,,,,,,,,,,,,,,,,,,,,,,,,,,,,,,,,,,,,,,,,,,,,,,,,,,,,,,,,,,,,,,,,,,,,,,,,,,,,,,,,,,,,,,,,,,,,,,,,,,,,,,,,,,,,,,,,,,,,,,,,,,,,,,,,,,,
43907.0,1996.0,1,1999.0,2,Formou,0.0,1.0,0.0,0.0,0.0,1.0,2.0,-3.0,0.0,1.0,0.0,0.0,-1.0,2.0,1.0,2.0,2.0,0.0,0.0,0.0,0.0,2.0,2.0,2.0,2.0,2.0,2.0,0.0,0.0,5.0,0.0,0.0,,2.0,2.0,,0.0,-5.0,2.0,2.0,,2.0,0.0,,,,,,,,,0.0,,0.0,,,,,,,,,,,,,,,,,,,,,,,,,,,,,,,,,,,,,,,,,,,,,,,,,,,,,,,,,,,,,,,,,,,,,,,,,,,,,,,,,,,,,,,,,,,,,,,,,,,,,,,,,,,,,,,,,,,,,,,,,,,,,,,,,,,,,,,,,,,,,,,,,,,,,,,,,,,,,,,,,,,,,,,,,,,,,,,,,,,,,,,,,,,,,
43908.0,1996.0,1,1999.0,2,Formou,0.0,1.0,0.0,0.0,0.0,1.0,2.0,-3.0,0.0,1.0,0.0,0.0,-1.0,2.0,1.0,2.0,2.0,0.0,0.0,0.0,0.0,2.0,2.0,2.0,2.0,2.0,2.0,0.0,0.0,5.0,0.0,0.0,,2.0,2.0,0.0,0.0,-5.0,2.0,2.0,0.0,2.0,,,,,,,,,,0.0,,0.0,,,,,,,,,,,,,,,,,,,,,,,,,,,,,,,,,,,,,,,,,,,,,,,,,,,,,,,,,,,,,,,,,,,,,,,,,,,,,,,,,,,,,,,,,,,,,,,,,,,,,,,,,,,,,,,,,,,,,,,,,,,,,,,,,,,,,,,,,,,,,,,,,,,,,,,,,,,,,,,,,,,,,,,,,,,,,,,,,,,,,,,,,,,,,
43909.0,1996.0,1,1999.0,2,Formou,0.0,1.0,0.0,,,1.0,2.0,-3.0,0.0,1.0,,,-1.0,2.0,1.0,2.0,,0.0,1.0,0.0,0.0,2.0,2.0,2.0,2.0,2.0,2.0,0.0,0.0,5.0,0.0,0.0,,,,,0.0,-5.0,2.0,2.0,,2.0,,,,,,,,,,0.0,,,,,,,,,,,,,,,,,,,,,,,,,,,,,,,,,,,,,,,,,,,,,,,,,,,,,,,,,,,,,,,,,,,,,,,,,,,,,,,,,,,,,,,,,,,,,,,,,,,,,,,,,,,,,,,,,,,,,,,,,,,,,,,,,,,,,,,,,,,,,,,,,,,,,,,,,,,,,,,,,,,,,,,,,,,,,,,,,,,,,,,,,,,,,,,
43910.0,1996.0,1,1999.0,2,Formou,0.0,1.0,0.0,0.0,0.0,1.0,2.0,-3.0,0.0,1.0,,,-1.0,2.0,1.0,2.0,2.0,0.0,0.0,0.0,0.0,2.0,2.0,2.0,2.0,2.0,2.0,0.0,0.0,5.0,0.0,0.0,,2.0,2.0,,0.0,-5.0,2.0,2.0,,2.0,,,,,,,,,,0.0,,0.0,,,,,,0.0,,,,,,,,,,,,,,,,,,,,,,,,,,,,,,,,,,,,,,,,,,,,,,,,,,,,,,,,,,,,,,,,,,,,,,,,,,,,,,,,,,,,,,,,,,,,,,,,,,,,,,,,,,,,,,,,,,,,,,,,,,,,,,,,,,,,,,,,,,,,,,,,,,,,,,,,,,,,,,,,,,,,,,,,,,,,,,,,,,,,,,,
43911.0,1996.0,1,1999.0,2,Formou,0.0,1.0,0.0,0.0,0.0,1.0,2.0,-3.0,0.0,1.0,0.0,0.0,-1.0,2.0,1.0,2.0,2.0,0.0,0.0,0.0,0.0,2.0,2.0,2.0,2.0,2.0,2.0,0.0,0.0,5.0,0.0,0.0,,2.0,2.0,,0.0,-5.0,2.0,2.0,0.0,2.0,,,,,,,,,,0.0,0.0,,,,,,,,,,,,,,,,,,,,,,,,,,,,,,,,,,,,,,,,,,,,,,,,,,,,,,,,,,,,,,,,,,,,,,,,,,,,,,,,,,,,,,,,,,,,,,,,,,,,,,,,,,,,,,,,,,,,,,,,,,,,,,,,,,,,,,,,,,,,,,,,,,,,,,,,,,,,,,,,,,,,,,,,,,,,,,,,,,,,,,,,,,,,,,
43912.0,1996.0,1,2002.0,2,NaoFormou,,,0.0,0.0,0.0,,2.0,-2.0,,,,,,,,0.0,2.0,0.0,,,,,,,,,,,,,,,,-1.0,,,,,,,,,,,,,,,,,,0.0,,,,,,,,,,,,,,,,,,,,,,,,,,,,,,,,,,,,,,,,,,,,,,,,,,,,,,,,,,,,,,,,,,,,,,,,,,,,,,,,,,,,,,,,,,,,,,,,,,,,,,,,,,,,,,,,,,,,,,,,,,,,,,,,,,,,,,,,,,,,,,,,,,,,,,,,,,,,,,,,,,,,,,,,,,,,,,,,,,,,,,,,,,,,,,,
43914.0,1996.0,1,1999.0,1,NaoFormou,0.0,1.0,0.0,0.0,0.0,1.0,2.0,,0.0,1.0,0.0,0.0,-1.0,2.0,1.0,2.0,2.0,0.0,,0.0,0.0,2.0,2.0,2.0,2.0,2.0,2.0,,,5.0,,,,,,,0.0,,,,,,,,,,,,,,,,,,,,,,,,,,,,,,,,,,,,,,,,,,,,,,,,,,,,,,,,,,,,,,,,,,,,,,,,,,,,,,,,,,,,,,,,,,,,,,,,,,,,,,,,,,,,,,,,,,,,,,,,,,,,,,,,,,,,,,,,,,,,,,,,,,,,,,,,,,,,,,,,,,,,,,,,,,,,,,,,,,,,,,,,,,,,,,,,,,,,,,,,,,,,,,
43915.0,1996.0,1,1999.0,2,Formou,0.0,1.0,0.0,0.0,0.0,1.0,2.0,-3.0,0.0,1.0,0.0,0.0,-1.0,2.0,1.0,2.0,2.0,0.0,0.0,0.0,0.0,2.0,2.0,2.0,2.0,2.0,2.0,0.0,0.0,5.0,0.0,0.0,,2.0,2.0,,0.0,-5.0,2.0,2.0,,2.0,0.0,,,,,,,,,,,0.0,,,,,0.0,,,,,,,,,,,,,,,,,,,,,,,,,,,,,,,,,,,,,,,,,,,,,,,,,,,,,,,,,,,,,,,,,,,,,,,,,,,,,,,,,,,,,,,,,,,,,,,,,,,,,,,,,,,,,,,,,,,,,,,,,,,,,,,,,,,,,,,,,,,,,,,,,,,,,,,,,,,,,,,,,,,,,,,,,,,,,,,,,,,,,,,,
43916.0,1996.0,1,1999.0,2,Formou,0.0,1.0,0.0,,0.0,,2.0,-3.0,0.0,1.0,0.0,0.0,-1.0,2.0,1.0,2.0,2.0,0.0,0.0,0.0,0.0,2.0,2.0,2.0,2.0,2.0,2.0,0.0,0.0,5.0,0.0,0.0,,2.0,2.0,,0.0,-5.0,2.0,2.0,0.0,2.0,,,,,,,,,,0.0,,0.0,,,,,,,,,,,,,,,,,,,,,,,,,,,,,,,,,,,,,,,,,,,,,,,,,,,,,,,,,,,,,,,,,,,,,,,,,,,,,,,,,,,,,,,,,,,,,,,,,,,,,,,,,,,,,,,,,,,,,,,,,,,,,,,,,,,,,,,,,,,,,,,,,,,,,,,,,,,,,,,,,,,,,,,,,,,,,,,,,,,,,,,,,,,,,
44336.0,1996.0,1,2001.0,1,NaoFormou,,,,,-2.0,,,,,,,,,,,,,,,,,,,,,,,,,,,,,,,,,,,,,,,,,,,,,,,,,,,,,,,,,,,,,,,,,,,,,,,,,,,,,,,,,,,,,,,,,,,,,,,,,,,,,,,,,,,,,,,,,,,,,,,,,,,,,,,,,,,,,,,,,,,,,,,,,,,,,,,,,,,,,,,,,,,,,,,,,,,,,,,,,,,,,,,,,,,,,,,,,,,,,,,,,,,,,,,,,,,,,,,,,,,,,,,,,,,,,,,,,,,,,,
44427.0,1996.0,1,2001.0,2,NaoFormou,,,,0.0,0.0,,2.0,,,,,0.0,,,,0.0,,,,,,,,,,,,,,,,,,2.0,2.0,,,,,,0.0,,,,,,,,,,,0.0,,,,,,,,,,,,,,,,,,,,,,,,,,,,,,,,,,,,,,,,,,,,,,,,,,,,,,,,,,,,,,,,,,,,,,,,,,,,,,,,,,,,,,,,,,,,,,,,,,,,,,,,,,,,,,,,,,,,,,,,,,,,,,,,,,,,,,,,,,,,,,,,,,,,,,,,,,,,,,,,,,,,,,,,,,,,,,,,,,,,,,,,,,,,,,,
126377.0,1996.0,1,2003.0,1,Formou,,,0.0,-11.0,0.0,,2.0,-2.0,,,,-2.0,,,,0.0,-6.0,0.0,,,,,,,,,,0.0,-3.0,,0.0,,,-10.0,-13.0,0.0,,,,,0.0,0.0,0.0,,,,,,,,,,,,,-8.0,,,,,-6.0,-5.0,,,,,,,,,,,,,,,,,,,,,,,,,,,,,,,,,,,,,,,,,,,,,,,,,,,,,,,,,,,,,,,,,,,,,,,,,,,,,,,,,,,,,,,,,,,,,,,,,,,,,,,,,,,,,,,,,,,,,,,,,,,,,,,,,,,,,,,,,,,,,,,,,,,,,,,,,,,,,,,,,,,,,,,,,,,,,,,,,,,,,
126378.0,1996.0,1,2002.0,1,NaoFormou,0.0,1.0,0.0,0.0,0.0,1.0,2.0,-3.0,0.0,1.0,0.0,0.0,-1.0,2.0,1.0,2.0,2.0,0.0,0.0,0.0,0.0,2.0,2.0,2.0,2.0,2.0,2.0,0.0,0.0,5.0,0.0,0.0,,2.0,2.0,0.0,0.0,-5.0,2.0,2.0,,,0.0,,,,,,,,,,,0.0,,,,,,,,,,,,,,,,,,,,,,,,,,,,,,,,,,,,,,,,,,,,,,,,,,,,,,,,,,,,,,,,,,,,,,,,,,,,,,,,,,,,,,,,,,,,,,,,,,,,,,,,,,,,,,,,,,,,,,,,,,,,,,,,,,,,,,,,,,,,,,,,,,,,,,,,,,,,,,,,,,,,,,,,,,,,,,,,,,,,,,,,,,,,,
46281.0,1997.0,1,2000.0,2,Formou,0.0,1.0,0.0,0.0,0.0,1.0,2.0,-3.0,0.0,1.0,0.0,0.0,-1.0,2.0,1.0,2.0,2.0,0.0,0.0,0.0,0.0,2.0,2.0,2.0,2.0,2.0,2.0,0.0,0.0,5.0,0.0,0.0,,2.0,2.0,0.0,0.0,-5.0,2.0,2.0,,2.0,0.0,,,,,,,,,,,0.0,,,,,,,,,,,,,,,,,,,,,,,,,,,,,,,,,,,,,,,,,,,,,,,,,,,,,,,,,,,,,,,,,,,,,,,,,,,,,,,,,,,,,,,,,,,,,,,,,,,,,,,,,,,,,,,,,,,,,,,,,,,,,,,,,,,,,,,,,,,,,,,,,,,,,,,,,,,,,,,,,,,,,,,,,,,,,,,,,,,,,,,,,,,,,
46282.0,1997.0,1,2000.0,2,Formou,0.0,1.0,0.0,0.0,0.0,1.0,2.0,-3.0,0.0,1.0,0.0,0.0,-1.0,2.0,1.0,2.0,2.0,0.0,0.0,0.0,0.0,2.0,2.0,2.0,2.0,2.0,2.0,0.0,0.0,5.0,0.0,0.0,,2.0,2.0,0.0,0.0,-5.0,2.0,2.0,0.0,2.0,0.0,,,,,,,,,,,,,,,,,,,,,,,,,,,,,,,,,,,,,,,,,,,,,,,,,,,,,,,,,,,,,,,,,,,,,,,,,,,,,,,,,,,,,,,,,,,,,,,,,,,,,,,,,,,,,,,,,,,,,,,,,,,,,,,,,,,,,,,,,,,,,,,,,,,,,,,,,,,,,,,,,,,,,,,,,,,,,,,,,,,,,,,,,,,,,,,,,,,,,,,,
46283.0,1997.0,1,2000.0,2,Formou,0.0,1.0,0.0,0.0,0.0,1.0,2.0,-3.0,0.0,1.0,0.0,0.0,-1.0,2.0,1.0,2.0,2.0,0.0,0.0,0.0,0.0,2.0,2.0,2.0,2.0,2.0,2.0,0.0,0.0,5.0,0.0,0.0,,2.0,2.0,0.0,0.0,-5.0,2.0,2.0,0.0,2.0,0.0,,,,,,,,0.0,,,,,,,,,,,,,,,,,,,,,,,,,,,,,,,,,,,,,,,,,,,,,,,,,,,,,,,,,,,,,,,,,,,,,,,,,,,,,,,,,,,,,,,,,,,,,,,,,,,,,,,,,,,,,,,,,,,,,,,,,,,,,,,,,,,,,,,,,,,,,,,,,,,,,,,,,,,,,,,,,,,,,,,,,,,,,,,,,,,,,,,,,,,,,,,,
46284.0,1997.0,1,2000.0,2,Formou,0.0,1.0,0.0,0.0,0.0,1.0,2.0,-3.0,0.0,1.0,0.0,0.0,-1.0,2.0,1.0,2.0,2.0,0.0,1.0,0.0,0.0,2.0,2.0,2.0,2.0,0.0,2.0,0.0,1.0,5.0,0.0,0.0,,2.0,2.0,,0.0,-5.0,2.0,2.0,,2.0,,,,,,,,,,,,,,,,,,,,,,,,,,,,,,,,,,,,,,,,,,,,,,,,,,,,,,,,,,,,,,,,,,,,,,,,,,,,,,,,,,,,,,,,,,,,,,,,,,,,,,,,,,,,,,,,,,,,,,,,,,,,,,,,,,,,,,,,,,,,,,,,,,,,,,,,,,,,,,,,,,,,,,,,,,,,,,,,,,,,,,,,,,,,,,,,,,,,,,,,,
46285.0,1997.0,1,2000.0,2,Formou,0.0,1.0,0.0,0.0,0.0,1.0,2.0,-3.0,0.0,1.0,0.0,0.0,-1.0,2.0,1.0,2.0,2.0,0.0,0.0,0.0,0.0,2.0,2.0,2.0,2.0,2.0,2.0,0.0,0.0,5.0,0.0,0.0,,2.0,2.0,0.0,0.0,-5.0,2.0,2.0,0.0,2.0,0.0,,,,,,,,,,,0.0,,,,,,,,,,,,,,,,,,,,,,,,,,,,,,,,,,,,,,,,,,,,,,,,,,,,,,,,,,,,,,,,,,,,,,,,,,,,,,,,,,,,,,,,,,,,,,,,,,,,,,,,,,,,,,,,,,,,,,,,,,,,,,,,,,,,,,,,,,,,,,,,,,,,,,,,,,,,,,,,,,,,,,,,,,,,,,,,,,,,,,,,,,,,,
46286.0,1997.0,1,2000.0,2,Formou,0.0,1.0,0.0,0.0,0.0,1.0,2.0,-3.0,0.0,1.0,0.0,0.0,-1.0,2.0,1.0,2.0,2.0,0.0,0.0,0.0,0.0,2.0,2.0,2.0,2.0,-1.0,2.0,0.0,1.0,5.0,0.0,0.0,,2.0,2.0,0.0,0.0,-5.0,2.0,2.0,0.0,2.0,0.0,,,,,,,,,,,,,,,,,,,,,,,,,,,,,,,,,,,,,,,,,,,,,,,,,,,,,,,,,,,,,,,,,,,,,,,,,,,,,,,,,,,,,,,,,,,,,,,,,,,,,,,,,,,,,,,,,,,,,,,,,,,,,,,,,,,,,,,,,,,,,,,,,,,,,,,,,,,,,,,,,,,,,,,,,,,,,,,,,,,,,,,,,,,,,,,,,,,,,,,,
46287.0,1997.0,1,2000.0,2,Formou,0.0,1.0,0.0,0.0,0.0,1.0,2.0,-3.0,0.0,1.0,0.0,0.0,-1.0,2.0,1.0,2.0,2.0,0.0,0.0,0.0,0.0,2.0,2.0,-1.0,2.0,2.0,2.0,0.0,0.0,5.0,0.0,0.0,,2.0,2.0,0.0,0.0,-5.0,2.0,2.0,,2.0,0.0,,,,,,,,,,,0.0,,,,,,,,,,,,,,,,,,,,,,,,,,,,,,,,,,,,,,,,,,,,,,,,,,,,,,,,,,,,,,,,,,,,,,,,,,,,,,,,,,,,,,,,,,,,,,,,,,,,,,,,,,,,,,,,,,,,,,,,,,,,,,,,,,,,,,,,,,,,,,,,,,,,,,,,,,,,,,,,,,,,,,,,,,,,,,,,,,,,,,,,,,,,,
46288.0,1997.0,1,2000.0,2,Formou,0.0,1.0,0.0,0.0,0.0,1.0,2.0,-3.0,0.0,1.0,0.0,0.0,-1.0,2.0,1.0,2.0,2.0,0.0,0.0,0.0,0.0,2.0,2.0,2.0,2.0,2.0,2.0,0.0,0.0,5.0,0.0,0.0,,2.0,2.0,0.0,0.0,-5.0,2.0,2.0,0.0,2.0,0.0,,,,,,,,0.0,,,,,,,,,,,,,,,,,,,,,,,,,,,,,,,,,,,,,,,,,,,,,,,,,,,,,,,,,,,,,,,,,,,,,,,,,,,,,,,,,,,,,,,,,,,,,,,,,,,,,,,,,,,,,,,,,,,,,,,,,,,,,,,,,,,,,,,,,,,,,,,,,,,,,,,,,,,,,,,,,,,,,,,,,,,,,,,,,,,,,,,,,,,,,,,,
46289.0,1997.0,1,2000.0,2,Formou,1.0,1.0,0.0,0.0,0.0,1.0,2.0,-3.0,0.0,1.0,0.0,0.0,-1.0,2.0,1.0,2.0,2.0,0.0,0.0,0.0,0.0,2.0,2.0,2.0,-1.0,-1.0,2.0,0.0,1.0,5.0,0.0,0.0,,2.0,2.0,0.0,0.0,-5.0,2.0,2.0,,2.0,0.0,,,,,,,,,,,0.0,,,,,,,,,,,,,,,,,,,,,,,,,,,,,,,,,,,,,,,,,,,,,,,,,,,,,,,,,,,,,,,,,,,,,,,,,,,,,,,,,,,,,,,,,,,,,,,,,,,,,,,,,,,,,,,,,,,,,,,,,,,,,,,,,,,,,,,,,,,,,,,,,,,,,,,,,,,,,,,,,,,,,,,,,,,,,,,,,,,,,,,,,,,,,
46290.0,1997.0,1,2000.0,2,Formou,0.0,1.0,0.0,0.0,0.0,1.0,2.0,-3.0,0.0,1.0,0.0,0.0,-1.0,2.0,1.0,2.0,2.0,0.0,0.0,0.0,0.0,2.0,2.0,2.0,2.0,2.0,2.0,0.0,0.0,5.0,0.0,0.0,,2.0,2.0,0.0,0.0,-5.0,2.0,2.0,0.0,2.0,0.0,,,,,,,,,,,,,,,,,,,,,,,,,,,,,,,,,,,,,,,,,,,,,,,,,,,,,,,,,,,,,,,,,,,,,,,,,,,,,,,,,,,,,,,,,,,,,,,,,,,,,,,,,,,,,,,,,,,,,,,,,,,,,,,,,,,,,,,,,,,,,,,,,,,,,,,,,,,,,,,,,,,,,,,,,,,,,,,,,,,,,,,,,,,,,,,,,,,,,,,,
46291.0,1997.0,1,2000.0,2,Formou,0.0,1.0,0.0,0.0,0.0,1.0,2.0,-3.0,0.0,1.0,0.0,0.0,-1.0,2.0,1.0,2.0,2.0,0.0,0.0,0.0,0.0,2.0,2.0,2.0,2.0,2.0,2.0,0.0,0.0,5.0,0.0,0.0,,2.0,2.0,0.0,0.0,-5.0,2.0,2.0,,2.0,0.0,,,,,,,,,,,0.0,,,,,,,,,,,,,,,,,,,,,,,,,,,,,,,,,,,,,,,,,,,,,,,,,,,,,,,,,,,,,,,,,,,,,,,,,,,,,,,,,,,,,,,,,,,,,,,,,,,,,,,,,,,,,,,,,,,,,,,,,,,,,,,,,,,,,,,,,,,,,,,,,,,,,,,,,,,,,,,,,,,,,,,,,,,,,,,,,,,,,,,,,,,,,
46292.0,1997.0,1,2000.0,2,Formou,0.0,1.0,0.0,0.0,0.0,1.0,2.0,-3.0,0.0,1.0,0.0,0.0,-1.0,2.0,1.0,2.0,2.0,0.0,0.0,0.0,0.0,2.0,2.0,2.0,2.0,2.0,2.0,0.0,0.0,5.0,0.0,0.0,,2.0,2.0,0.0,0.0,-5.0,2.0,2.0,0.0,2.0,0.0,,,,,,,,0.0,,,,,,,,,,,,,,,,,,,,,,,,,,,,,,,,,,,,,,,,,,,,,,,,,,,,,,,,,,,,,,,,,,,,,,,,,,,,,,,,,,,,,,,,,,,,,,,,,,,,,,,,,,,,,,,,,,,,,,,,,,,,,,,,,,,,,,,,,,,,,,,,,,,,,,,,,,,,,,,,,,,,,,,,,,,,,,,,,,,,,,,,,,,,,,,,
46293.0,1997.0,1,2000.0,2,Formou,0.0,1.0,0.0,0.0,0.0,1.0,2.0,-3.0,0.0,1.0,0.0,0.0,-1.0,2.0,1.0,2.0,2.0,0.0,0.0,0.0,0.0,2.0,2.0,2.0,2.0,2.0,2.0,0.0,0.0,5.0,0.0,0.0,,2.0,2.0,0.0,0.0,-5.0,2.0,2.0,,2.0,0.0,,,,,,,,,,,0.0,,,,,,,,,,,,,,,,,,,,,,,,,,,,,,,,,,,,,,,,,,,,,,,,,,,,,,,,,,,,,,,,,,,,,,,,,,,,,,,,,,,,,,,,,,,,,,,,,,,,,,,,,,,,,,,,,,,,,,,,,,,,,,,,,,,,,,,,,,,,,,,,,,,,,,,,,,,,,,,,,,,,,,,,,,,,,,,,,,,,,,,,,,,,,
46294.0,1997.0,1,2000.0,2,Formou,0.0,1.0,0.0,0.0,0.0,1.0,2.0,-3.0,0.0,1.0,0.0,0.0,-1.0,2.0,1.0,2.0,2.0,0.0,0.0,0.0,0.0,2.0,2.0,2.0,2.0,2.0,2.0,0.0,0.0,5.0,0.0,0.0,,2.0,2.0,0.0,0.0,-5.0,2.0,2.0,0.0,2.0,0.0,,,,,,,,,,,0.0,,,,,,,,,,,,,,,,,,,,,,,,,,,,,,,,,,,,,,,,,,,,,,,,,,,,,,,,,,,,,,,,,,,,,,,,,,,,,,,,,,,,,,,,,,,,,,,,,,,,,,,,,,,,,,,,,,,,,,,,,,,,,,,,,,,,,,,,,,,,,,,,,,,,,,,,,,,,,,,,,,,,,,,,,,,,,,,,,,,,,,,,,,,,,
46295.0,1997.0,1,2003.0,1,Formou,,,0.0,0.0,0.0,,2.0,-2.0,,,,0.0,,,,0.0,0.0,0.0,,,,,,,,,,0.0,-7.0,,0.0,,,2.0,-8.0,,,,,,0.0,-2.0,0.0,,,,,,,,,,0.0,,,-4.0,,,,,-1.0,-3.0,-5.0,-2.0,-4.0,-6.0,,,,,,,,,,,,,,,,,,,,,,,,,,,,,,,,,,,,,,,,,,,,,,,,,,,,,,,,,,,,,,,,,,,,,,,,,,,,,,,,,,,,,,,,,,,,,,,,,,,,,,,,,,,,,,,,,,,,,,,,,,,,,,,,,,,,,,,,,,,,,,,,,,,,,,,,,,,,,,,,,,,,,,,,,,,,,,,,,
46296.0,1997.0,1,2000.0,1,NaoFormou,0.0,1.0,,,,,2.0,,,,,,,,,,,,,,,,,,,,,,,,,,,,,,0.0,,,,,,,,,,,,,,,,,,,,,,,,,,,,,,,,,,,,,,,,,,,,,,,,,,,,,,,,,,,,,,,,,,,,,,,,,,,,,,,,,,,,,,,,,,,,,,,,,,,,,,,,,,,,,,,,,,,,,,,,,,,,,,,,,,,,,,,,,,,,,,,,,,,,,,,,,,,,,,,,,,,,,,,,,,,,,,,,,,,,,,,,,,,,,,,,,,,,,,,,,,,,,,
46297.0,1997.0,1,2005.0,1,NaoFormou,,,0.0,0.0,0.0,,2.0,,,,,0.0,,,,0.0,,,,,,,,,,,,,,,,,,,0.0,0.0,,,,,0.0,,0.0,,,,,,,,,,,,,,,,,,,,,,,,,,,,,,,,,,,,,,,,,,,,,,,,,,,,,,,,,,,,,,,,,,,,,,,,,,,,,,,,,,,,,,,,,,,,,,,,,,,,,,,,,,,,,,,,,,,,,,,,,,,,,,,,,,,,,,,,,,,,,,,,,,,,,,,,,,,,,,,,,,,,,,,,,,,,,,,,,,,,,,,,,,,,,,,,,,,,,,,,
46298.0,1997.0,1,2002.0,2,NaoFormou,,,0.0,0.0,-1.0,,2.0,,,,,1.0,,,,0.0,,,,,,,,,,,,,,,,,,0.0,0.0,,,,,,,,,,,,,,,,,,,,,,,,,,,,,,,,-6.0,-6.0,,,,,,,,,,,,,,,,,,,,,,,,,,,,,,,,,,,,,,,,,,,,,,,,,,,,,,,,,,,,,,,,,,,,,,,,,,,,,,,,,,,,,,,,,,,,,,,,,,,,,,,,,,,,,,,,,,,,,,,,,,,,,,,,,,,,,,,,,,,,,,,,,,,,,,,,,,,,,,,,,,,,,,,,,,,,,,,
46299.0,1997.0,1,2005.0,2,NaoFormou,,,0.0,0.0,-2.0,,2.0,-6.0,,,,1.0,,,,0.0,2.0,,,,,,,,,,,,,,,,,0.0,,0.0,,,,,0.0,,,,,,,,,,,,,,,-6.0,,,,,-5.0,-5.0,,-2.0,-6.0,-4.0,,,-8.0,-8.0,-6.0,-5.0,-10.0,,,,,,,,,,,,,,,,,,,,,,,,,,,,,,,,,,,,,,,,,,,,,,,,,,,,,,,,,,,,,,,,,,,,,,,,,,,,,,,,,,,,,,,,,,,,,,,,,,,,,,,,,,,,,,,,,,,,,,,,,,,,,,,,,,,,,,,,,,,,,,,,,,,,,,,,,,,,,,,,,,,,,,,,,,
46300.0,1997.0,1,2000.0,2,Formou,0.0,1.0,0.0,0.0,0.0,2.0,2.0,-3.0,1.0,1.0,0.0,0.0,0.0,2.0,1.0,2.0,2.0,0.0,0.0,0.0,0.0,2.0,2.0,2.0,2.0,-1.0,2.0,0.0,1.0,5.0,0.0,0.0,,2.0,2.0,,0.0,-5.0,2.0,2.0,0.0,2.0,0.0,,,,,,,,,,,0.0,,,,,,,,,,,,,,,,,,,,,,,,,,,,,,,,,,,,,,,,,,,,,,,,,,,,,,,,,,,,,,,,,,,,,,,,,,,,,,,,,,,,,,,,,,,,,,,,,,,,,,,,,,,,,,,,,,,,,,,,,,,,,,,,,,,,,,,,,,,,,,,,,,,,,,,,,,,,,,,,,,,,,,,,,,,,,,,,,,,,,,,,,,,,,
46301.0,1997.0,1,2003.0,1,NaoFormou,,,0.0,0.0,0.0,,2.0,,,,,0.0,,,,0.0,2.0,0.0,,,,,,,,,,,,,,,,-1.0,2.0,0.0,,,,,0.0,,,,,,,,,,,,,,,,,,,,,,,,,,,,,,,,,-6.0,,,,,,,,,,,,,,,,,,,,,,,,,,,,,,,,,,,,,,,,,,,,,,,,,,,,,,,,,,,,,,,,,,,,,,,,,,,,,,,,,,,,,,,,,,,,,,,,,,,,,,,,,,,,,,,,,,,,,,,,,,,,,,,,,,,,,,,,,,,,,,,,,,,,,,,,,,,,,,,,,,,,,,,,,
46302.0,1997.0,1,2000.0,2,Formou,0.0,1.0,0.0,0.0,0.0,1.0,2.0,-3.0,1.0,1.0,0.0,0.0,-1.0,2.0,1.0,2.0,2.0,0.0,-2.0,0.0,0.0,2.0,2.0,2.0,2.0,2.0,2.0,0.0,1.0,5.0,0.0,1.0,,2.0,2.0,,0.0,-5.0,2.0,2.0,0.0,2.0,0.0,,,,,,,,0.0,,,,,,,,,,,,,,,,,,,,,,,,,,,,,,,,,,,,,,,,,,,,,,,,,,,,,,,,,,,,,,,,,,,,,,,,,,,,,,,,,,,,,,,,,,,,,,,,,,,,,,,,,,,,,,,,,,,,,,,,,,,,,,,,,,,,,,,,,,,,,,,,,,,,,,,,,,,,,,,,,,,,,,,,,,,,,,,,,,,,,,,,,,,,,,,,
46303.0,1997.0,1,2002.0,1,Formou,,,0.0,0.0,0.0,,2.0,-2.0,,,,0.0,,,,0.0,0.0,0.0,,,,,,,,,,,-3.0,,,,,2.0,-5.0,,,,,,,-3.0,0.0,,,,,,,,,,,0.0,,-4.0,,,,,-1.0,-2.0,,,,-4.0,,,,,,-4.0,,,0.0,0.0,0.0,0.0,,,,,,,,,,,,,,,,,,,,,,,,,,,,,,,,,,,,,,,,,,,,,,,,,,,,,,,,,,,,,,,,,,,,,,,,,,,,,,,,,,,,,,,,,,,,,,,,,,,,,,,,,,,,,,,,,,,,,,,,,,,,,,,,,,,,,,,,,,,,,,,,,,,,,,,,,,,,,,,,,,,,,
46957.0,1997.0,1,2002.0,1,Formou,,,0.0,0.0,0.0,,2.0,-2.0,,,,0.0,,,,0.0,2.0,0.0,,,,,,,,,,0.0,-3.0,,0.0,,,0.0,2.0,,,,,,,-3.0,,,,,,,,,,,,0.0,,-4.0,,,,,-1.0,-2.0,,,,,,,,,,,,,,,,,0.0,0.0,,,,,,,,,,,,,,,,,,,,,,,,,,,,,,,,,,,,,,,,,,,,,,,,,,,,,,,,,,,,,,,,,,,,,,,,,,,,,,,,,,,,,,,,,,,,,,,,,,,,,,,,,,,,,,,,,,,,,,,,,,,,,,,,,,,,,,,,,,,,,,,,,,,,,,,,,,,,,,,,,,,
46964.0,1997.0,1,1998.0,1,NaoFormou,1.0,1.0,0.0,0.0,0.0,,2.0,,,,,,,,,,,,,,,,,,,,,,,,,,,,,,,,,,,,,,,,,,,,,,,,,,,,,,,,,,,,,,,,,,,,,,,,,,,,,,,,,,,,,,,,,,,,,,,,,,,,,,,,,,,,,,,,,,,,,,,,,,,,,,,,,,,,,,,,,,,,,,,,,,,,,,,,,,,,,,,,,,,,,,,,,,,,,,,,,,,,,,,,,,,,,,,,,,,,,,,,,,,,,,,,,,,,,,,,,,,,,,,,,,,,,,,,,,,,
47924.0,1997.0,2,2001.0,2,NaoFormou,,,,,,,,,,,,,,,,0.0,1.0,0.0,,,,,,,,,,,,,,,,1.0,1.0,,,,,,,,,,,,,,,,,,,,,,,,,,,,,,,,,,,,,,,,,,,,,,,,,,,,,,,,,,,,,,,,,,,,,,,,,,,,,,,,,,,,,,,,,,,,,,,,,,,,,,,,,,,,,,,,,,,,,,,,,,,,,,,,,,,,,,,,,,,,,,,,,,,,,,,,,,,,,,,,,,,,,,,,,,,,,,,,,,,,,,,,,,,,,,,,,,,,,,,,,,,,,,,,
47926.0,1997.0,2,2003.0,2,NaoFormou,,,,,,,1.0,,,,,,,,,,,,,,,,,,,,,,,,,,,,,,,,,,,,,,,,,,,,,,,,,,,,,,,,,,,,,,,,,,,,,,,,,,,,,,,,,,,,,,,,,,,,,,,,,,,,,,,,,,,,,,,,,,,,,,,,,,,,,,,,,,,,,,,,,,,,,,,,,,,,,,,,,,,,,,,,,,,,,,,,,,,,,,,,,,,,,,,,,,,,,,,,,,,,,,,,,,,,,,,,,,,,,,,,,,,,,,,,,,,,,,,,,,,,
127005.0,1997.0,1,2001.0,2,Formou,0.0,1.0,0.0,0.0,0.0,1.0,2.0,-3.0,0.0,1.0,0.0,0.0,-1.0,2.0,1.0,2.0,2.0,0.0,-2.0,0.0,0.0,2.0,2.0,2.0,2.0,2.0,2.0,0.0,-2.0,5.0,-2.0,-2.0,,2.0,2.0,,0.0,-5.0,2.0,2.0,,0.0,,,,,,,,,,,,0.0,,,,,,,,,,,,,,,,,,,,,,,,,,,,,,,,,,,,,,,,,,,,,,,,,,,,,,,,,,,,,,,,,,,,,,,,,,,,,,,,,,,,,,,,,,,,,,,,,,,,,,,,,,,,,,,,,,,,,,,,,,,,,,,,,,,,,,,,,,,,,,,,,,,,,,,,,,,,,,,,,,,,,,,,,,,,,,,,,,,,,,,,,,,,,
127006.0,1997.0,1,2001.0,2,Formou,0.0,1.0,0.0,0.0,0.0,1.0,2.0,-3.0,0.0,1.0,0.0,0.0,-1.0,2.0,1.0,2.0,-4.0,0.0,0.0,0.0,0.0,2.0,2.0,2.0,-1.0,-1.0,2.0,0.0,0.0,5.0,0.0,0.0,,-6.0,-6.0,,0.0,-7.0,-1.0,2.0,0.0,0.0,,,,,,,,,,,,,,,,,,,,,,,,,,,,,,,,,,,,,,,,,,,,,,,,,,,,,,,,,,,,,,,,,,,,,,,,,,,,,,,,,,,,,,,,,,,,,,,,,,,,,,,,,,,,,,,,,,,,,,,,,,,,,,,,,,,,,,,,,,,,,,,,,,,,,,,,,,,,,,,,,,,,,,,,,,,,,,,,,,,,,,,,,,,,,,,,,,,,,,,,,
127007.0,1997.0,1,2001.0,2,Formou,0.0,1.0,0.0,0.0,-4.0,1.0,2.0,-3.0,-2.0,1.0,0.0,0.0,-1.0,2.0,1.0,2.0,2.0,-2.0,-2.0,0.0,-2.0,2.0,2.0,-1.0,2.0,0.0,2.0,-2.0,-2.0,5.0,0.0,-2.0,,0.0,2.0,0.0,0.0,-7.0,2.0,2.0,0.0,0.0,0.0,,,,,,,,,,,0.0,,,,,,,,,,,,,,,,,,,,,,,,,,,,,,,,,,,,,,,,,,,,,,,,,,,,,,,,,,,,,,,,,,,,,,,,,,,,,,,,,,,,,,,,,,,,,,,,,,,,,,,,,,,,,,,,,,,,,,,,,,,,,,,,,,,,,,,,,,,,,,,,,,,,,,,,,,,,,,,,,,,,,,,,,,,,,,,,,,,,,,,,,,,,,
127008.0,1997.0,1,2002.0,2,Formou,,,0.0,,,,2.0,-2.0,,,,0.0,,,,0.0,2.0,0.0,,,,,,,,,,0.0,-3.0,,0.0,,,2.0,0.0,,,,,,,-2.0,,,,,,,,,,,,0.0,,-4.0,,,,,-1.0,-2.0,,,-4.0,-6.0,,,,,,-4.0,,,,,,,,,0.0,0.0,0.0,0.0,,,,,,,,,,,,,,,,,,,,,,,,,,,,,,,,,,,,,,,,,,,,,,,,,,,,,,,,,,,,,,,,,,,,,,,,,,,,,,,,,,,,,,,,,,,,,,,,,,,,,,,,,,,,,,,,,,,,,,,,,,,,,,,,,,,,,,,,,,,,,,,,,,,,,,,,,,,,,,,
127009.0,1997.0,1,2005.0,1,Formou,,,0.0,0.0,0.0,,2.0,-2.0,,,,0.0,,,,0.0,0.0,0.0,,,,,,,,,,0.0,-1.0,,,,,-12.0,2.0,0.0,,,,,,-6.0,,,,,,,,,,,,0.0,,-6.0,,,,,-4.0,-2.0,,,,-4.0,,,,,,-4.0,,,,,,,,,,,,,-6.0,,,,,,,,,,,,,,,,,,,,,,,,,,,,,,,,,,,,,,,,,,,,,,,,,,,,,,,,,,,,,,,,,,,,,,,,,,,,,,,,,,,,,,,,,,,,,,,,,,,,,,,,,,,,,,,,,,,,,,,,,,,,,,,,,,,,,,,,,,,,,,,,,,,,,,,,,,,,,,
127010.0,1997.0,1,2001.0,2,Formou,0.0,1.0,0.0,0.0,0.0,1.0,2.0,-3.0,0.0,1.0,0.0,0.0,-1.0,2.0,1.0,2.0,0.0,0.0,0.0,0.0,0.0,,2.0,0.0,2.0,2.0,0.0,0.0,-2.0,5.0,0.0,0.0,,2.0,-2.0,,0.0,-5.0,2.0,2.0,0.0,0.0,0.0,,,,,,,,0.0,,,,,,,,,,,,,,,,,,,,,,,,,,,,,,,,,,,,,,,,,,,,,,,,,,,,,,,,,,,,,,,,,,,,,,,,,,,,,,,,,,,,,,,,,,,,,,,,,,,,,,,,,,,,,,,,,,,,,,,,,,,,,,,,,,,,,,,,,,,,,,,,,,,,,,,,,,,,,,,,,,,,,,,,,,,,,,,,,,,,,,,,,,,,,,,,
48242.0,1998.0,1,2000.0,2,NaoFormou,0.0,,0.0,,,1.0,,,,,,,,,,,,,,,,,,,,,,,,,,,,,,,,,,,,,,,,,,,,,,,,,,,,,,,,,,,,,,,,,,,,,,,,,,,,,,,,,,,,,,,,,,,,,,,,,,,,,,,,,,,,,,,,,,,,,,,,,,,,,,,,,,,,,,,,,,,,,,,,,,,,,,,,,,,,,,,,,,,,,,,,,,,,,,,,,,,,,,,,,,,,,,,,,,,,,,,,,,,,,,,,,,,,,,,,,,,,,,,,,,,,,,,,,,,,,
48303.0,1998.0,1,2001.0,1,NaoFormou,,,0.0,0.0,0.0,,,,,,,,,,,,,,,,,,,,,,,,,,,,,,,,,,,,,,,,,,,,,,,,,,,,,,,,,,,,,,,,,,,,,,,,,,,,,,,,,,,,,,,,,,,,,,,,,,,,,,,,,,,,,,,,,,,,,,,,,,,,,,,,,,,,,,,,,,,,,,,,,,,,,,,,,,,,,,,,,,,,,,,,,,,,,,,,,,,,,,,,,,,,,,,,,,,,,,,,,,,,,,,,,,,,,,,,,,,,,,,,,,,,,,,,,,,,,,
48505.0,1998.0,1,2002.0,1,Formou,,,0.0,0.0,0.0,,2.0,0.0,,,,0.0,,,,0.0,2.0,0.0,,,,,,,,,,,-1.0,,,,,2.0,2.0,0.0,,,,,0.0,-1.0,0.0,,,,,,,,,,,0.0,,-2.0,,,,,1.0,0.0,,,,-2.0,,,,,,,,,,0.0,0.0,,,,,,,,,0.0,0.0,,,,,,,,,,,,,,,,,,,,,,,,,,,,,,,,,,,,,,,,,,,,,,,,,,,,,,,,,,,,,,,,,,,,,,,,,,,,,,,,,,,,,,,,,,,,,,,,,,,,,,,,,,,,,,,,,,,,,,,,,,,,,,,,,,,,,,,,,,,,,,,,,,,,,,,,,,,,
48509.0,1998.0,1,2002.0,1,Formou,,,0.0,0.0,0.0,,2.0,0.0,,,,0.0,,,,0.0,2.0,0.0,,,,,,,,,,,-1.0,,,,,2.0,2.0,0.0,,,,,0.0,-1.0,0.0,,,,,,,,,,,0.0,,-2.0,,,,,1.0,0.0,,,,-2.0,,,,,,,,,,,,,0.0,,,,,,,,,0.0,0.0,,,,,,,,,,,,,,,,,,,,,,,,,,,,,,,,,,,,,,,,,,,,,,,,,,,,,,,,,,,,,,,,,,,,,,,,,,,,,,,,,,,,,,,,,,,,,,,,,,,,,,,,,,,,,,,,,,,,,,,,,,,,,,,,,,,,,,,,,,,,,,,,,,,,,,,,,,
48582.0,1998.0,1,2002.0,1,Formou,,,0.0,0.0,0.0,,2.0,0.0,,,,0.0,,,,0.0,2.0,0.0,,,,,,,,,,,-1.0,,,,,2.0,2.0,0.0,,,,,0.0,-1.0,0.0,,,,,,,,,,,0.0,,-2.0,,,,,1.0,0.0,,,,-2.0,,,,,,,,,,,,,0.0,,,,,,,,,0.0,,0.0,0.0,,,,,,,,,,,,,,,,,,,,,,,,,,,,,,,,,,,,,,,,,,,,,,,,,,,,,,,,,,,,,,,,,,,,,,,,,,,,,,,,,,,,,,,,,,,,,,,,,,,,,,,,,,,,,,,,,,,,,,,,,,,,,,,,,,,,,,,,,,,,,,,,,,,,,,,,
48665.0,1998.0,1,2002.0,2,NaoFormou,,,,0.0,,,,,,,,,,,,0.0,4.0,0.0,,,,,,,,,,,,,,,,2.0,,,,,,,,,,,,,,,,,,,,,,,,,,,,,,,,,,,,,,,,,,,,,,,,,,,,,,,,,,,,,,,,,,,,,,,,,,,,,,,,,,,,,,,,,,,,,,,,,,,,,,,,,,,,,,,,,,,,,,,,,,,,,,,,,,,,,,,,,,,,,,,,,,,,,,,,,,,,,,,,,,,,,,,,,,,,,,,,,,,,,,,,,,,,,,,,,,,,,,,,,,,,,,,,,
48892.0,1998.0,1,2005.0,2,Formou,,,0.0,0.0,0.0,,2.0,0.0,,,,0.0,,,,0.0,-7.0,,,,,,,,,,,,-7.0,,,,,2.0,,,,,,,0.0,-2.0,0.0,,,,,,,,,,,,,-2.0,,,,,-2.0,0.0,-2.0,0.0,-4.0,-1.0,,,,-11.0,-2.0,-2.0,-8.0,-4.0,,,,,,,,,,,,,,,,,,-2.0,-2.0,-3.0,0.0,,,,,,,,,,,,,,,,,,,,,,,,,,,,,,,,,,,,,,,,,,,,,,,,,,,,,,,,,,,,,,,,,,,,,,,,,,,,,,,,,,,,,,,,,,,,,,,,,,,,,,,,,,,,,,,,,,,,,,,,,,,,,,,,,,,,,,,,,,,,,,,,,,,,
48896.0,1998.0,1,1999.0,1,NaoFormou,1.0,,0.0,0.0,0.0,1.0,,,,,,,,,,,,,,,,,,,,,,,,,,,,,,,,,,,,,,,,,,,,,,,,,,,,,,,,,,,,,,,,,,,,,,,,,,,,,,,,,,,,,,,,,,,,,,,,,,,,,,,,,,,,,,,,,,,,,,,,,,,,,,,,,,,,,,,,,,,,,,,,,,,,,,,,,,,,,,,,,,,,,,,,,,,,,,,,,,,,,,,,,,,,,,,,,,,,,,,,,,,,,,,,,,,,,,,,,,,,,,,,,,,,,,,,,,,,,
49495.0,1998.0,1,2003.0,2,Formou,,,0.0,0.0,0.0,,2.0,0.0,,,,0.0,,,,0.0,2.0,0.0,,,,,,,,,,,0.0,,,,,2.0,2.0,,,,,,,-3.0,0.0,,,,,,,,,,,0.0,,-4.0,,,,,-4.0,0.0,-3.0,,-4.0,-2.0,,,-6.0,,,-2.0,,,,,,,,,,,,,,,,,,,,,,,0.0,-1.0,-6.0,-4.0,,,,,,,,,,,,,,,,,,,,,,,,,,,,,,,,,,,,,,,,,,,,,,,,,,,,,,,,,,,,,,,,,,,,,,,,,,,,,,,,,,,,,,,,,,,,,,,,,,,,,,,,,,,,,,,,,,,,,,,,,,,,,,,,,,,,,,,,,,,,,,,,,
49496.0,1998.0,1,2002.0,1,Formou,,,0.0,0.0,0.0,,2.0,0.0,,,,0.0,,,,0.0,2.0,0.0,,,,,,,,,,,-1.0,,,,,2.0,2.0,0.0,,,,,0.0,-1.0,0.0,,,,,,,,,,,0.0,,-2.0,,,,,1.0,0.0,,,,-2.0,,,,,,,,,,,,,0.0,,,,,,,,,,,,,,,,,,,,0.0,,,,,,,,,,,,,,,,,,,,,,,,,,,,,,,,,,,,,,,,,,,,,,,,,,,,,,,,,,,,,,,,,,,,,,,,,,,,,,,,,,,,,,,,,,,,,,,,,,,,,,,,,,,,,,,,,,,,,,,,,,,,,,,,,,,,,,,,,,,,,,,,
49497.0,1998.0,1,2002.0,1,Formou,,,0.0,0.0,0.0,,2.0,0.0,,,,0.0,,,,0.0,2.0,0.0,,,,,,,,,,,-1.0,,,,,2.0,2.0,0.0,,,,,0.0,-1.0,0.0,,,,,,,,,,,0.0,,-2.0,,,,,1.0,0.0,,,,-2.0,,,,,,,,,,,,,,,0.0,,,,,,,,,,,,,,,,,,,0.0,0.0,0.0,,,,,,,,,,,,,,,,,,,,,,,,,,,,,,,,,,,,,,,,,,,,,,,,,,,,,,,,,,,,,,,,,,,,,,,,,,,,,,,,,,,,,,,,,,,,,,,,,,,,,,,,,,,,,,,,,,,,,,,,,,,,,,,,,,,,,,,,,,,,,
49498.0,1998.0,1,2000.0,2,NaoFormou,0.0,,0.0,0.0,0.0,1.0,,,,,,,,,,,,,,,,,,,,,,,,,,,,,,,,,,,,,,,,,,,,,,,,,,,,,,,,,,,,,,,,,,,,,,,,,,,,,,,,,,,,,,,,,,,,,,,,,,,,,,,,,,,,,,,,,,,,,,,,,,,,,,,,,,,,,,,,,,,,,,,,,,,,,,,,,,,,,,,,,,,,,,,,,,,,,,,,,,,,,,,,,,,,,,,,,,,,,,,,,,,,,,,,,,,,,,,,,,,,,,,,,,,,,,,,,,,,,
49499.0,1998.0,1,2000.0,1,NaoFormou,1.0,,0.0,0.0,0.0,1.0,2.0,,,,,,,,,,,,,,,,,,,,,,,,,,,,,,,,,,,,,,,,,,,,,,,,,,,,,,,,,,,,,,,,,,,,,,,,,,,,,,,,,,,,,,,,,,,,,,,,,,,,,,,,,,,,,,,,,,,,,,,,,,,,,,,,,,,,,,,,,,,,,,,,,,,,,,,,,,,,,,,,,,,,,,,,,,,,,,,,,,,,,,,,,,,,,,,,,,,,,,,,,,,,,,,,,,,,,,,,,,,,,,,,,,,,,,,,,,,,
49500.0,1998.0,1,2002.0,1,Formou,,,0.0,0.0,0.0,,2.0,0.0,,,,0.0,,,,0.0,0.0,,,,,,,,,,,,-3.0,,,,,2.0,2.0,,,,,,0.0,-1.0,0.0,,,,,,,,,,,,,-2.0,,,,,1.0,0.0,-3.0,,,-2.0,,,-6.0,,,-2.0,-2.0,-4.0,,0.0,0.0,,,,,,,,,,,,,,,,,,0.0,,,,,,,,0.0,,,,,,,,,,,,,,,,,,,,,,,,,,,,,,,,,,,,,,,,,,,,,,,,,,,,,,,,,,,,,,,,,,,,,,,,,,,,,,,,,,,,,,,,,,,,,,,,,,,,,,,,,,,,,,,,,,,,,,,,,,,,,,,,,,,,,,,,,,,,
49501.0,1998.0,1,2002.0,1,Formou,,,0.0,0.0,0.0,,2.0,0.0,,,,0.0,,,,0.0,2.0,0.0,,,,,,,,,,,-1.0,,,,,2.0,2.0,0.0,,,,,0.0,-1.0,0.0,,,,,,,,,,,0.0,,-2.0,,,,,1.0,0.0,,,,-2.0,,,,,,,,,,0.0,,,,,0.0,,,,,,,,,,,,,,,,,,,,,,,0.0,,,,,,,,,,,,,,,,,,,,,,,,,,,,,,,,,,,,,,,,,,,,,,,,,,,,,,,,,,,,,,,,,,,,,,,,,,,,,,,,,,,,,,,,,,,,,,,,,,,,,,,,,,,,,,,,,,,,,,,,,,,,,,,,,,,,,,,,,,,
49502.0,1998.0,1,2002.0,2,Formou,,,,0.0,0.0,,,0.0,,,,0.0,,,,0.0,0.0,0.0,,,,,,,,,,,-1.0,,,,,2.0,,0.0,,,,,0.0,0.0,0.0,,,,,,,,,,,0.0,,-2.0,,,,,-2.0,0.0,,,-2.0,-2.0,,,,,,,-4.0,-4.0,,,0.0,,,,,,,,-6.0,,,,,,,-2.0,-3.0,,,-1.0,,,0.0,,,,,,0.0,-4.0,0.0,,,,,,,,,,,,,,,,,,,,,,,,,,,,,,,,,,,,,,,,,,,,,,,,,,,,,,,,,,,,,,,,,,,,,,,,,,,,,,,,,,,,,,,,,,,,,,,,,,,,,,,,,,,,,,,,,,,,,,,,,,,,,,,,,,,,,,,,
49503.0,1998.0,1,2003.0,1,NaoFormou,,,0.0,,,,2.0,,,,,,,,,,,,,,,,,,,,,,,,,,,,,,,,,,,,,,,,,,,,,,,,,,,,,,,,,,,,,,,,,,,,,,,,,,,,,,,,,,,,,,,,,,,,,,,,,,,,,,,,,,,,,,,,,,,,,,,,,,,,,,,,,,,,,,,,,,,,,,,,,,,,,,,,,,,,,,,,,,,,,,,,,,,,,,,,,,,,,,,,,,,,,,,,,,,,,,,,,,,,,,,,,,,,,,,,,,,,,,,,,,,,,,,,,,,,
49504.0,1998.0,1,2000.0,2,NaoFormou,0.0,,0.0,0.0,0.0,1.0,2.0,,,,,,,,,,,,,,,,,,,,,,,,,,,2.0,2.0,,0.0,,,,,,,,,,,,,,,,,,,,,,,,,,,,,,,,,,,,,,,,,,,,,,,,,,,,,,,,,,,,,,,,,,,,,,,1.0,,,,,,,,,,,,,,,,,,,,,,,,,,,,,,,,,,,,,,,,,,,,,,,,,,,,,,,,,,,,,,,,,,,,,,,,,,,,,,,,,,,,,,,,,,,,,,,,,,,,,,,,,,,,,,,,,,,,,,,,,,,,,,,,,,,,,,,
49505.0,1998.0,1,2002.0,2,Formou,,,0.0,0.0,0.0,,2.0,0.0,,,,0.0,,,,0.0,-3.0,,,,,,,,,,,,-1.0,,,,,2.0,2.0,,,,,,,-1.0,0.0,,,,,,,,,,,0.0,,-2.0,,,,,-2.0,0.0,,,-1.0,-1.0,,,,,,-2.0,,,,0.0,,,,,0.0,,,,,,,,,,,,,,0.0,-1.0,,,,,,,,,,,,,0.0,0.0,,,,,,,,,,,,,,,,,,,,,,,,,,,,,,,,,,,,,,,,,,,,,,,,,,,,,,,,,,,,,,,,,,,,,,,,,,,,,,,,,,,,,,,,,,,,,,,,,,,,,,,,,,,,,,,,,,,,,,,,,,,,,,,,,,,,,
49507.0,1998.0,1,2002.0,1,Formou,,,0.0,0.0,0.0,,2.0,0.0,,,,0.0,,,,0.0,2.0,0.0,,,,,,,,,,,-1.0,,,,,2.0,2.0,0.0,,,,,0.0,-1.0,0.0,,,,,,,,,,,0.0,,-2.0,,,,,1.0,0.0,,,,-2.0,,,,,,,,,,,,,0.0,,,,,,,,,,,,,,,,,,,,,,,,,,,,,,,,0.0,0.0,0.0,,,,,,,,,,,,,,,,,,,,,,,,,,,,,,,,,,,,,,,,,,,,,,,,,,,,,,,,,,,,,,,,,,,,,,,,,,,,,,,,,,,,,,,,,,,,,,,,,,,,,,,,,,,,,,,,,,,,,,,,,,,,,,,,,,
49508.0,1998.0,1,2001.0,2,NaoFormou,,,0.0,0.0,0.0,,2.0,,,,,0.0,,,,,,,,,,,,,,,,,,,,,,,,,,,,,,,,,,,,,,,,,,,,,,,,,,,,,,,,,,,,,,,,,,,,,,,,,,,,,,,,,,,,,,,,,,,,,,,,,,,,,,,,,,,,,,,,,,,,,,,,,,,,,,,,,,,,,,,,,,,,,,,,,,,,,,,,,,,,,,,,,,,,,,,,,,,,,,,,,,,,,,,,,,,,,,,,,,,,,,,,,,,,,,,,,,,,,,,,,,,,,,,,,,,,,,,
49509.0,1998.0,1,2002.0,1,Formou,,,0.0,0.0,0.0,,2.0,0.0,,,,0.0,,,,0.0,-3.0,0.0,,,,,,,,,,0.0,-1.0,,0.0,,,2.0,2.0,,,,,,0.0,,0.0,,,,,,,,,,,0.0,,-2.0,,,,,-2.0,0.0,,,,,,,,,,,,,,0.0,0.0,,,,,,,,,,,,,,,,,,,,,,,,,,0.0,,,,,,,,,,,,,,,,,,,,,,,,,,,,,,,,,,,,,,,,,,,,,,,,,,,,,,,,,,,,,,,,,,,,,,,,,,,,,,,,,,,,,,,,,,,,,,,,,,,,,,,,,,,,,,,,,,,,,,,,,,,,,,,,,,,,,,,,,,,,
49511.0,1998.0,1,2002.0,2,Formou,,,0.0,-7.0,0.0,,2.0,0.0,,,,-2.0,,,,0.0,-4.0,,,,,,,,,,,,-3.0,,,,,2.0,2.0,,,,,,0.0,0.0,,,,,,,,,,,,,,-2.0,,,,,-2.0,0.0,-3.0,0.0,-2.0,-2.0,,,-4.0,,0.0,-2.0,-2.0,-4.0,,0.0,,,,,,,0.0,,,,,,,,,-2.0,-3.0,-3.0,,-1.0,,,,,,,,,,,,,,,,,,-3.0,-2.0,-6.0,0.0,0.0,0.0,,,,,,,,,,,,,,,,,,,,,,,,,,,,,,,,,,,,,,,,,,,,,,,,,,,,,,,,,,,,,,,,,,,,,,,,,,,,,,,,,,,,,,,,,,,,,,,,,,,,,,,,,,,,,,,,,,,,,,,,,,,,
49512.0,1998.0,1,2002.0,1,Formou,,,0.0,0.0,0.0,,2.0,0.0,,,,0.0,,,,0.0,2.0,0.0,,,,,,,,,,,-1.0,,,,,2.0,2.0,0.0,,,,,0.0,-1.0,0.0,,,,,,,,,,,0.0,,-2.0,,,,,1.0,0.0,,,,-2.0,,,,,,,,,,,,,0.0,,,,,,,,,,,,,,,,,,,,,,,,,,,,,,,,,,,,,,,,,0.0,0.0,,,,,,,,,,,,,,,,,,,,,,,,,,,,,,,,,,,,,,,,,,,,,,,,,,,,,,,,,,,,,,,,,,,,,,,,,,,,,,,,,,,,,,,,,,,,,,,,,,,,,,,,,,,,,,,,,,,,,,,,,,
49513.0,1998.0,1,1999.0,2,NaoFormou,,,0.0,,,,,,,,,,,,,,,,,,,,,,,,,,,,,,,,,,,,,,,,,,,,,,,,,,,,,,,,,,,,,,,,,,,,,,,,,,,,,,,,,,,,,,,,,,,,,,,,,,,,,,,,,,,,,,,,,,,,,,,,,,,,,,,,,,,,,,,,,,,,,,,,,,,,,,,,,,,,,,,,,,,,,,,,,,,,,,,,,,,,,,,,,,,,,,,,,,,,,,,,,,,,,,,,,,,,,,,,,,,,,,,,,,,,,,,,,,,,,,,,
49514.0,1998.0,1,2000.0,2,NaoFormou,0.0,,0.0,,0.0,,2.0,,,,,,,,,,,,,,,,,,,,,,,,,,,,,,,,,,,,,,,,,,,,,,,,,,,,,,,,,,,,,,,,,,,,,,,,,,,,,,,,,,,,,,,,,,,,,,,,,,,,,,,,,,,,,,,,,,,,,,,,,,,,,,,,,,,,,,,,,,,,,,,,,,,,,,,,,,,,,,,,,,,,,,,,,,,,,,,,,,,,,,,,,,,,,,,,,,,,,,,,,,,,,,,,,,,,,,,,,,,,,,,,,,,,,,,,,,,,
50219.0,1998.0,1,1999.0,2,NaoFormou,,,0.0,,,,,,,,,,,,,,,,,,,,,,,,,,,,,,,,,,,,,,,,,,,,,,,,,,,,,,,,,,,,,,,,,,,,,,,,,,,,,,,,,,,,,,,,,,,,,,,,,,,,,,,,,,,,,,,,,,,,,,,,,,,,,,,,,,,,,,,,,,,,,,,,,,,,,,,,,,,,,,,,,,,,,,,,,,,,,,,,,,,,,,,,,,,,,,,,,,,,,,,,,,,,,,,,,,,,,,,,,,,,,,,,,,,,,,,,,,,,,,,,
50385.0,1998.0,2,2000.0,2,Formou,,,-3.0,,,,-1.0,-2.0,,2.0,,,2.0,,2.0,3.0,,3.0,3.0,3.0,3.0,,3.0,,3.0,3.0,3.0,3.0,3.0,6.0,3.0,3.0,,,,0.0,,-2.0,3.0,3.0,,3.0,,,,,,,,,,,,0.0,,,,,,,,,,,,,,,,,,,,,,,,,,,,,,,,,,,,,,,,,,,,,,,,,,,,,,,,,,,,,,,,,,,,,,,,,,,,,,,,,,,,,,,,,,,,,,,,,,,,,,,,,,,,,,,,,,,,,,,,,,,,,,,,,,,,,,,,,,,,,,,,,,,,,,,,,,,,,,,,,,,,,,,,,,,,,,,,,,,,,,,,,,,,,
128037.0,1998.0,1,2001.0,2,Formou,0.0,,0.0,0.0,0.0,1.0,2.0,-3.0,0.0,1.0,0.0,0.0,-1.0,2.0,1.0,2.0,2.0,0.0,0.0,0.0,0.0,2.0,2.0,2.0,2.0,2.0,2.0,0.0,0.0,5.0,0.0,0.0,,2.0,2.0,0.0,0.0,-5.0,2.0,2.0,,2.0,0.0,,,,,,,,,,,0.0,,,,,,,,,,,,,,,,,,,,,,,,,,,,,,,,,,,,,,,,,,,,,,,,,,,,,,1.0,,,,,,,,,,,,,,,,,,,,,,,,,,,,,,,,,,,,,,,,,,,,,,,,,,,,,,,,,,,,,,,,,,,,,,,,,,,,,,,,,,,,,,,,,,,,,,,,,,,,,,,,,,,,,,,,,,,,,,,,,,,,,,,,,,,,,,,
128039.0,1998.0,1,2001.0,2,Formou,0.0,,0.0,0.0,0.0,1.0,2.0,-3.0,0.0,1.0,1.0,0.0,-1.0,-1.0,1.0,2.0,2.0,0.0,0.0,0.0,0.0,2.0,2.0,2.0,2.0,2.0,2.0,0.0,0.0,5.0,0.0,1.0,,2.0,2.0,,0.0,-5.0,2.0,2.0,0.0,2.0,0.0,,,,,,,,,,,,,,,,,,,,,,,,,,,,,,,,,,,,,,,,,,,,,,,,,,,,,,,,,,,,,,,,,1.0,,,,,,,,,,,,,,,,,,,,,,,,,,,,,,,,,,,,,,,,,,,,,,,,,,,,,,,,,,,,,,,,,,,,,,,,,,,,,,,,,,,,,,,,,,,,,,,,,,,,,,,,,,,,,,,,,,,,,,,,,,,,,,,,,,,,,,,
50542.0,1999.0,1,2002.0,2,Formou,,,0.0,0.0,0.0,,2.0,2.0,,,,0.0,,,,0.0,2.0,,,,,,,,,,,,-1.0,,,,,2.0,2.0,0.0,,,,,,2.0,0.0,,,,,,,,,,,,,0.0,,,,,0.0,2.0,-1.0,2.0,0.0,0.0,,,-2.0,,2.0,0.0,0.0,-2.0,,0.0,0.0,,,,,,,,,,,,,,,0.0,2.0,0.0,,1.0,,1.0,,,,,0.0,,-1.0,,,,,,,,,-1.0,-1.0,,,,,,,,,,,,,,,,,,,,,,,,,,,,,,,,,,,,,,,,,,,,,,,,,,,,,,,,,,,,,,,,,,,,,,,,,,,,,,,,,,,,,,,,,,,,,,,,,,,,,,,,,,,,,,,,,,,,,,,,,,,,,,,,
50564.0,1999.0,1,2002.0,2,Formou,,,0.0,0.0,0.0,,2.0,2.0,,,,0.0,,,,0.0,2.0,,,,,,,,,,,,-1.0,,,,,2.0,2.0,0.0,,,,,,2.0,0.0,,,,,,,,,,,,,0.0,,,,,0.0,2.0,-1.0,2.0,0.0,0.0,,,-2.0,,2.0,0.0,0.0,-2.0,,,,,0.0,,0.0,,,,,,,,,,,0.0,2.0,0.0,,1.0,,,,,,,,,-1.0,,,,,0.0,,,,-1.0,-1.0,,,,,,,2.0,,,,,,,,,,,,,,,,,,,,,,,,,,,,,,,,,,,,,,,,,,,,,,,,,,,,,,,,,,,,,,,,,,,,,,,,,,,,,,,,,,,,,,,,,,,,,,,,,,,,,,,,,,,,,,,,,,,,,,,,,
50699.0,1999.0,1,2002.0,2,Formou,,,0.0,0.0,0.0,,2.0,2.0,,,,0.0,,,,0.0,2.0,,,,,,,,,,,,-1.0,,,,,2.0,2.0,0.0,,,,,,2.0,0.0,,,,,,,,,,,,,0.0,,,,,0.0,2.0,-1.0,2.0,0.0,0.0,,,-2.0,,2.0,0.0,0.0,-2.0,,,,,0.0,,,,,,,,,,,,,0.0,2.0,0.0,,1.0,,1.0,,,,,,,-1.0,,0.0,,,,,,,-1.0,-1.0,,,,,,,,0.0,0.0,,,,,,,,,,,,,,,,,,,,,,,,,,,,,,,,,,,,,,,,,,,,,,,,,,,,,,,,,,,,,,,,,,,,,,,,,,,,,,,,,,,,,,,,,,,,,,,,,,,,,,,,,,,,,,,,,,,,,,,
50737.0,1999.0,1,2002.0,1,NaoFormou,,,0.0,-2.0,,,,,,,,,,,,,,,,,,,,,,,,,,,,,,,,,,,,,,,,,,,,,,,,,,,,,,,,,,,,,,,,,,,,,,,,,,,,,,,,,,,,,,,,,,,,,,,,,,,,,,,,,,,,,,,,,,,,,,,,,,,,,,,,,,,,,,,,,,,,,,,,,,,,,,,,,,,,,,,,,,,,,,,,,,,,,,,,,,,,,,,,,,,,,,,,,,,,,,,,,,,,,,,,,,,,,,,,,,,,,,,,,,,,,,,,,,,,,,,
50777.0,1999.0,1,2002.0,2,Formou,,,0.0,1.0,0.0,,2.0,2.0,,,,0.0,,,,0.0,2.0,,,,,,,,,,,,-1.0,,,,,2.0,2.0,0.0,,,,,,2.0,0.0,,,,,,,,,,,,,0.0,,,,,0.0,2.0,-1.0,2.0,0.0,0.0,,,-2.0,,2.0,0.0,0.0,-2.0,,,,,0.0,,,,,,,,,,,,,0.0,2.0,0.0,,1.0,,1.0,,,,,,,-1.0,,,,,,,,,-1.0,-1.0,,,,,,,2.0,,,0.0,0.0,0.0,,,,,,,,,,,,,,,,,,,,,,,,,,,,,,,,,,,,,,,,,,,,,,,,,,,,,,,,,,,,,,,,,,,,,,,,,,,,,,,,,,,,,,,,,,,,,,,,,,,,,,,,,,,,,,,,,,,,
51683.0,1999.0,1,2002.0,2,Formou,,,0.0,0.0,0.0,,2.0,2.0,,,,0.0,,,,0.0,2.0,,,,,,,,,,,,-1.0,,,,,2.0,2.0,0.0,,,,,,2.0,0.0,,,,,,,,,,,,,0.0,,,,,0.0,2.0,-1.0,2.0,0.0,0.0,,,-2.0,,2.0,0.0,0.0,-2.0,,,,,0.0,,,,,,,,,,,,,0.0,2.0,0.0,,1.0,,1.0,,,,,,,-1.0,,,,,,,,,-1.0,-1.0,,,,,,,,,,,,,0.0,0.0,0.0,,,,,,,,,,,,,,,,,,,,,,,,,,,,,,,,,,,,,,,,,,,,,,,,,,,,,,,,,,,,,,,,,,,,,,,,,,,,,,,,,,,,,,,,,,,,,,,,,,,,,,,,,,,,,,,,,
51684.0,1999.0,1,2002.0,2,Formou,,,0.0,0.0,0.0,,2.0,2.0,,,,0.0,,,,0.0,2.0,,,,,,,,,,,,-1.0,,,,,2.0,2.0,0.0,,,,,,2.0,0.0,,,,,,,,,,,,,0.0,,,,,0.0,2.0,-1.0,2.0,0.0,0.0,,,-2.0,,2.0,0.0,0.0,-2.0,,0.0,,,,,,,,,,,0.0,,0.0,,,0.0,2.0,0.0,,1.0,,1.0,,,,,,,-1.0,,0.0,,,,,,,-1.0,-1.0,,,,,,,,,,,0.0,,,,,,,,,,,,,,,,,,,,,,,,,,,,,,,,,,,,,,,,,,,,,,,,,,,,,,,,,,,,,,,,,,,,,,,,,,,,,,,,,,,,,,,,,,,,,,,,,,,,,,,,,,,,,,,,,,,,,
51685.0,1999.0,1,2002.0,2,Formou,,,0.0,0.0,0.0,,2.0,2.0,,,,0.0,,,,0.0,2.0,,,,,,,,,,,,-1.0,,,,,2.0,2.0,0.0,,,,,,2.0,0.0,,,,,,,,,,,,,0.0,,,,,0.0,2.0,-1.0,2.0,0.0,0.0,,,-2.0,,2.0,0.0,0.0,-2.0,,,,,0.0,,,,,,,,,,,,,0.0,2.0,0.0,,1.0,,,0.0,,,,,,-1.0,,,,,,,,,-1.0,-1.0,,,,,,,2.0,,,,,,,,,,,,,,,,,,,,,,,,,,,,,,,,,,,,,,,,,,,,,,,,,,,,,,,,,,,,,,,,,,,,,,,,,,,,,,,,,,,,,,,,,,,,,,,,,,,,,,,,,,,,,,,,,,,,,,,,,
51686.0,1999.0,1,2003.0,2,Formou,,,0.0,0.0,0.0,,2.0,2.0,,,,0.0,,,,0.0,2.0,,,,,,,,,,,,-1.0,,,,,2.0,2.0,0.0,,,,,,0.0,0.0,,,,,,,,,,,,,0.0,,,,,0.0,2.0,-1.0,2.0,0.0,0.0,,,-2.0,,2.0,0.0,0.0,-2.0,,,,,,,,,,,,,,,,,,-2.0,2.0,-1.0,,1.0,,,,,,,,,-1.0,,,,,,,,,-1.0,-1.0,,,,,,,,,,,,,,,,,,,,,,,,,,,,,,,,,,,,,,,,,,,,,,,,,,,,,,,,,,,,,,,,,,,,,,,,,,,,,,,,,,,,,,,,,,,,,,,,,,,,,,,,,,,,,,,,,,,,,,,,,,,,,,,,
51687.0,1999.0,1,2002.0,2,Formou,,,0.0,0.0,0.0,,2.0,2.0,,,,0.0,,,,0.0,2.0,,,,,,,,,,,,-1.0,,,,,2.0,2.0,0.0,,,,,,2.0,0.0,,,,,,,,,,,,,0.0,,,,,0.0,2.0,-1.0,2.0,0.0,0.0,,,-2.0,,2.0,0.0,0.0,-2.0,,,,,0.0,,,,,,,,0.0,,0.0,0.0,,0.0,2.0,0.0,,1.0,,1.0,,,,,,,-1.0,,,,,,,,,-1.0,-1.0,,,,,,,2.0,,,,,,,,,0.0,0.0,,,,,,,,,,,,,,,,,,,,,,,,,,,,,,,,,,,,,,,,,,,,,,,,,,,,,,,,,,,,,,,,,,,,,,,,,,,,,,,,,,,,,,,,,,,,,,,,,,,,,,,,,,,,,,,
51688.0,1999.0,1,2002.0,2,Formou,,,0.0,0.0,0.0,,2.0,2.0,,,,0.0,,,,0.0,2.0,,,,,,,,,,,,-1.0,,,,,2.0,2.0,0.0,,,,,,2.0,0.0,,,,,,,,,,,,,0.0,,,,,0.0,2.0,-1.0,2.0,0.0,0.0,,,-2.0,,2.0,0.0,0.0,-2.0,,,,,0.0,,,0.0,,,,,,,,,,0.0,2.0,0.0,,1.0,,1.0,,,,,,,-1.0,,0.0,,,,,,,-1.0,-1.0,,,,,,,,,,,,,,,,,,,,,,,,,,,,,,,,,,,,,,,,,,,,,,,,,,,,,,,,,,,,,,,,,,,,,,,,,,,,,,,,,,,,,,,,,,,,,,,,,,,,,,,,,,,,,,,,,,,,,,,,,,,,,,,,
51689.0,1999.0,1,2003.0,2,Formou,,,0.0,0.0,0.0,,2.0,2.0,,,,0.0,,,,0.0,-2.0,,,,,,,,,,,,-1.0,,,,,-7.0,-4.0,0.0,,,,,,-1.0,0.0,,,,,,,,,,,,,0.0,,,,,0.0,2.0,-1.0,2.0,0.0,0.0,,,-2.0,,2.0,0.0,0.0,-2.0,,,,,,,,,,,,,,,,,,0.0,2.0,-4.0,,1.0,,,,,,,,,-1.0,,,,,,,,,-1.0,-1.0,,,,,,,2.0,,,,,,,,,,,,,,,,,,,,,,,,,,,,,,,,,,,,,,,,,,,,,,,,,,,,,,,,,,,,,,,,,,,,,,,,,,,,,,,,,,,,,,,,,,,,,,,,,,,,,,,,,,,,,,,,,,,,,,,,,
51690.0,1999.0,1,2003.0,1,NaoFormou,,,0.0,,,,2.0,,,,,0.0,,,,0.0,,,,,,,,,,,,,,,,,,,,,,,,,,,,,,,,,,,,,,,,,,,,,,,,,,,,,,,,,,,,,,,,,,,,,,,,,,,,,,,,,,,,,,,,,,,,,,,,,,,,,,,,,,,,,,,,,,,,,,,,,,,,,,,,,,,,,,,,,,,,,,,,,,,,,,,,,,,,,,,,,,,,,,,,,,,,,,,,,,,,,,,,,,,,,,,,,,,,,,,,,,,,,,,,,,,,,,,,,,,,,,,,,,,
51692.0,1999.0,1,2003.0,1,Formou,,,0.0,-5.0,0.0,,2.0,2.0,,,,0.0,,,,,-2.0,,,,,,,,,,,,-1.0,,,,,-4.0,-4.0,0.0,,,,,,-1.0,0.0,,,,,,,,,,,,,0.0,,,,,0.0,1.0,0.0,2.0,0.0,0.0,-2.0,-2.0,-2.0,-5.0,2.0,0.0,0.0,-2.0,0.0,,,,,,,,,,,,,,,,,0.0,0.0,-4.0,0.0,1.0,-6.0,,,,,,,,-1.0,,,,,,,,,0.0,-1.0,,,,,,,,,,,,,,,,,,,,,,,,,,,,,,,,,,,,,,,,,,,,,,,,,,,,,,,,,,,,,,,,,,,,,,,,,,,,,,,,,,,,,,,,,,,,,,,,,,,,,,,,,,,,,,,,,,,,,,,,,,,,,,,,
51693.0,1999.0,1,2002.0,2,Formou,,,0.0,0.0,0.0,,2.0,2.0,,,,0.0,,,,0.0,2.0,,,,,,,,,,,,-1.0,,,,,2.0,2.0,0.0,,,,,,2.0,0.0,,,,,,,,,,,,,0.0,,,,,0.0,2.0,-1.0,2.0,0.0,0.0,,,-2.0,,2.0,0.0,0.0,-2.0,,0.0,0.0,,,,,,,,,,,,,,,0.0,2.0,0.0,,1.0,,1.0,,,,,0.0,,-1.0,,,,,,,,,-1.0,-1.0,,,,,,,,,,,,,,,,,,,,,,,,,,,,,,,,,,,,,,,,,,,,,,,,,,,,,,,,,,,,,,,,,,,,,,,,,,,,,,,,,,,,,,,,,,,,,,,,,,,,,,,,,,,,,,,,,,,,,,,,,,,,,,,,
51694.0,1999.0,1,2002.0,2,NaoFormou,,,0.0,,0.0,,2.0,,,,,,,,,,,,,,,,,,,,,,,,,,,,,,,,,,,,,,,,,,,,,,,,,,,,,,,,,,,,,,,,,,,,,,,,,,,,,,,,,,,,,,,,,,,,,,,,,,,,,,,,,,,,,,,,,,,,,,,,,,,,,,,,,,,,,,,,,,,,,,,,,,,,,,,,,,,,,,,,,,,,,,,,,,,,,,,,,,,,,,,,,,,,,,,,,,,,,,,,,,,,,,,,,,,,,,,,,,,,,,,,,,,,,,,,,,,,
51695.0,1999.0,1,2005.0,1,Formou,,,0.0,1.0,0.0,,2.0,2.0,,,,0.0,,,,0.0,2.0,,,,,,,,,,,,-4.0,,,,,2.0,-4.0,0.0,,,,,,-2.0,,,,,,,,,,,,,,0.0,,,,,0.0,2.0,-1.0,2.0,0.0,0.0,,,-2.0,-5.0,2.0,0.0,0.0,-2.0,,,,,,,,,,,,,,,,,,-2.0,-1.0,-4.0,,1.0,-8.0,1.0,,,,,,,-1.0,,,,,,,,,-1.0,0.0,,,,,,,,,,,,,,,,,,,,,,,,,,,,,,,,,,,,,,,,,,,,,,,,,,,,,,,,,,,,,,,,,,,,,,,,,,,,,,,,,,,,,,,,,,,,,,,,,,,,,,,,,,,,,,,,,,,,,,,,,,,,,,,,
51697.0,1999.0,1,2003.0,1,NaoFormou,,,0.0,1.0,0.0,,2.0,,,,,0.0,,,,,,,,,,,,,,,,,,,,,,2.0,0.0,,,,,,,,,,,,,,,,,,,,,,,,,,,,,,,,,,,,,,0.0,,,,,,,,,,,,,,,,,,,,,,,,,,,,,,,,,,,,,,,,,,,,,,,,,,,,,,,,,,,,,,,,,,,,,,,,,,,,,,,,,,,,,,,,,,,,,,,,,,,,,,,,,,,,,,,,,,,,,,,,,,,,,,,,,,,,,,,,,,,,,,,,,,,,,,,,,,,,,,,,,,,,,,,,,,
51698.0,1999.0,1,2005.0,2,Formou,,,0.0,,0.0,,2.0,2.0,,,,0.0,,,,0.0,0.0,,,,,,,,,,,,-5.0,,,,,-6.0,-2.0,,,,,,,-2.0,0.0,,,,,,,,,,,,,-4.0,,,,,-1.0,1.0,0.0,0.0,-1.0,-2.0,-2.0,-9.0,-4.0,-5.0,-1.0,-2.0,-2.0,-6.0,,,,,,,,,,,,,,,,,,-2.0,0.0,-6.0,,-1.0,-8.0,-2.0,,,,,,,,,,,,,,,,0.0,-3.0,-6.0,,,,,,,,,,,,,,,,,,0.0,,0.0,,,,,,,,,,,,,,,,,,,,,,,,,,,,,,,,,,,,,,,,,,,,,,,,,,,,,,,,,,,,,,,,,,,,,,,,,,,,,,,,,,,,,,,,,,,,,,,,,,,,,,,,,,,
51699.0,1999.0,1,2001.0,2,NaoFormou,,,0.0,,,,,,,,,,,,,,,,,,,,,,,,,,,,,,,,,,,,,,,,,,,,,,,,,,,,,,,,,,,,,,,,,,,,,,,,,,,,,,,,,,,,,,,,,,,,,,,,,,,,,,,,,,,,,,,,,,,,,,,,,,,,,,,,,,,,,,,,,,,,,,,,,,,,,,,,,,,,,,,,,,,,,,,,,,,,,,,,,,,,,,,,,,,,,,,,,,,,,,,,,,,,,,,,,,,,,,,,,,,,,,,,,,,,,,,,,,,,,,,,
51704.0,1999.0,1,2003.0,2,Formou,,,0.0,1.0,0.0,,2.0,2.0,,,,0.0,,,,0.0,-3.0,,,,,,,,,,,,-1.0,,,,,2.0,-4.0,0.0,,,,,,-1.0,0.0,,,,,,,,,,,,,0.0,,,,,0.0,2.0,-1.0,2.0,0.0,0.0,,,-2.0,-2.0,2.0,-2.0,0.0,-1.0,,,,,,,,,,,,,,,,,,0.0,2.0,-4.0,,1.0,,1.0,,,,,,,-2.0,,,,,,,,,-1.0,0.0,,,,,,,,,,,,,,,,,,,,,,,,,,,,,,,,,,,,,,,,,,,,,,,,,,,,,,,,,,,,,,,,,,,,,,,,,,,,,,,,,,,,,,,,,,,,,,,,,,,,,,,,,,,,,,,,,,,,,,,,,,,,,,,,
51706.0,1999.0,1,2004.0,2,NaoFormou,,,0.0,,,,2.0,,,,,,,,,,,,,,,,,,,,,,,,,,,,,,,,,,0.0,,,,,,,,,,,,,,,,,,,,,,,,,,,,,,,,,,,,,,,,,,,,,,,,,,,,,,,,,,,,,,,,,,,,,,,,,,,,,,,,,,,,,,,,,,,,,,,,,,,,,,,,,,,,,,,,,,,,,,,,,,,,,,,,,,,,,,,,,,,,,,,,,,,,,,,,,,,,,,,,,,,,,,,,,,,,,,,,,,,,,,,,,,,,,,,,,,,,,,,,,,
51708.0,1999.0,1,2002.0,2,Formou,,,0.0,1.0,0.0,,2.0,2.0,,,,0.0,,,,0.0,2.0,,,,,,,,,,,,-1.0,,,,,2.0,-4.0,0.0,,,,,,2.0,0.0,,,,,,,,,,,,,0.0,,,,,0.0,2.0,0.0,2.0,0.0,0.0,,,-2.0,-2.0,2.0,0.0,0.0,-2.0,,0.0,0.0,,,,,,,,,,,,,,,0.0,-1.0,0.0,,1.0,,1.0,,,,,0.0,,-1.0,,,,,,,,,-1.0,-1.0,,,,,,,,,,,,,,,,,,,,,,,,,,,,,,,,,,,,,,,,,,,,,,,,,,,,,,,,,,,,,,,,,,,,,,,,,,,,,,,,,,,,,,,,,,,,,,,,,,,,,,,,,,,,,,,,,,,,,,,,,,,,,,,,
51725.0,1999.0,1,2002.0,2,Formou,,,0.0,0.0,0.0,,2.0,2.0,,,,0.0,,,,0.0,2.0,,,,,,,,,,,,-1.0,,,,,2.0,2.0,0.0,,,,,,2.0,,,,,,,,,,,,,,0.0,,,,,0.0,2.0,-1.0,2.0,1.0,0.0,,,-2.0,,2.0,0.0,0.0,-2.0,,0.0,0.0,,,,,,,,,,,,,,,0.0,-1.0,-1.0,,1.0,,1.0,,,,,0.0,,0.0,,,,,,,,,-1.0,-1.0,,,,,,,2.0,,,,,,,,,,,,,,,,,,,,,,,,,,,,,,,,,,,,,,,,,,,,,,,,,,,,,,,,,,,,,,,,,,,,,,,,,,,,,,,,,,,,,,,,,,,,,,,,,,,,,,,,,,,,,,,,,,,,,,,,,
52292.0,1999.0,1,2002.0,2,Formou,,,0.0,0.0,0.0,,2.0,2.0,,,,0.0,,,,0.0,0.0,,,,,,,,,,,,-1.0,,,,,2.0,2.0,0.0,,,,,,2.0,0.0,,,,,,,,,,,,,0.0,,,,,0.0,2.0,0.0,2.0,0.0,0.0,,,-2.0,-5.0,2.0,0.0,0.0,-2.0,,,,,0.0,,,,,,,,,,,,,0.0,-1.0,-1.0,,-2.0,,1.0,0.0,,,,,,-1.0,,,,,,,,,-1.0,0.0,,,,,,,,,,,,,,,,,,,,,,,,,,,,,,,,,,,,,,,,,,,,,,,,,,,,,,,,,,,,,,,,,,,,,,,,,,,,,,,,,,,,,,,,,,,,,,,,,,,,,,,,,,,,,,,,,,,,,,,,,,,,,,,,
53116.0,1999.0,1,2002.0,2,NaoFormou,,,0.0,,,,2.0,,,,,,,,,0.0,,,,,,,,,,,,,,,,,,,,0.0,,,,,,,0.0,,,,,,,,,,,,,,,,,,,2.0,-1.0,,,,,,,,,,0.0,,,,,,,,,,,,,,,,,,,,,,,,,,,,,,,,,,,,,,,,,-1.0,,,,,,,,,,,,,,,,,,,,,,,,,,,,,,,,,,,,,,,,,,,,,,,,,,,,,,,,,,,,,,,,,,,,,,,,,,,,,,,,,,,,,,,,,,,,,,,,,,,,,,,,,,,,,,,,,,,,,,,,,,,,,,,,,
53492.0,1999.0,2,2000.0,2,Formou,,,,,,,,2.0,,,,,,,,,,,,,,,,,,,,,,,,,,,,,,,,,,5.0,,,,,,,,,,,,,,,,,,,,,,,,,,,,,,,,,,,,,,,,,,,,,,,,,,,,,,,,,,,,,,,,,,,,,,,,,,,,,,,,,,,,,,,,,,,,,,,,,,,,,,,,,,,,,,,,,,,,,,,,,,,,,,,,,,,,,,,,,,,,,,,,,,,,,,,,,,,,,,,,,,,,,,,,,,,,,,,,,,,,,,,,,,,,,,,,,,,,,,,,,
2731.0,2000.0,1,2003.0,2,Formou,,,0.0,0.0,0.0,,2.0,2.0,,,,0.0,,,,,2.0,,,,,,,,,,,,-1.0,,,,,2.0,2.0,,,,,,,2.0,,,,,,,,,,,,,,2.0,,,,,0.0,3.0,2.0,2.0,0.0,0.0,0.0,0.0,-2.0,0.0,2.0,0.0,0.0,1.0,,,,,,,,,,,0.0,,,,,,,0.0,2.0,0.0,,1.0,0.0,,,,,,,,4.0,,,,,,,,,2.0,-1.0,,,,,,,,,,,,,,,,,,,,,,,,,,,,,-2.0,1.0,0.0,0.0,,,,,,,,,,,,,,,,,,,,,,,,,,,,,,,,,,,,,,,,,,,,,,,,,,,,,,,,,,,,,,,,,,,,,,,,,,,,,,,,,,,,,,,,,,,,,,,,
2757.0,2000.0,1,2004.0,1,Formou,,,-4.0,,,,0.0,2.0,,,,0.0,,,,,,,,,,,,,,,,,-1.0,,,,,,,,,,,,,2.0,,,,,,,,,,,,,,2.0,,,,,0.0,3.0,2.0,2.0,0.0,0.0,0.0,0.0,-2.0,0.0,2.0,0.0,0.0,1.0,,,,,,,,,,,0.0,,,,,,,0.0,2.0,-4.0,,1.0,1.0,0.0,,,,,,,4.0,-2.0,,,,,,,,2.0,-1.0,,,,,,,,,,,,,,,,,,,,,,,,,,,,,-2.0,1.0,,,,,,,,,,,,,,,,,,,,,,,,,,,,,,,,,,,,,,,,,,,,,,,,,,,,,,,,,,,,,,,,,,,,,,,,,,,,,,,,,,,,,,,,,,,,,,,,,,
2814.0,2000.0,1,2004.0,2,Formou,,,0.0,0.0,0.0,,2.0,2.0,,,,0.0,,,,,2.0,,,,,,,,,,,,-1.0,,,,,2.0,2.0,,,,,,,1.0,,,,,,,,,,,,,,2.0,,,,,0.0,3.0,2.0,2.0,0.0,0.0,0.0,0.0,-2.0,0.0,2.0,0.0,0.0,1.0,,,,,,,,,,,0.0,,,,,,,0.0,2.0,0.0,,1.0,1.0,0.0,,,,,,,4.0,,,,,,,,,2.0,-1.0,,,,,,,,,,,,,,,,,,,,,,,,,,,,,-2.0,1.0,,,,,,,,,,,,,,,,,,,,,,,,,,,,,,,,,,,,,,,,,,,,,,,,,,,,,,,,,,,,,,,,,,,,,,,,,,,,,,,,,,,,,,,,,,,,,,,,,,
2842.0,2000.0,1,2005.0,2,Formou,,,0.0,0.0,0.0,,2.0,2.0,,,,-2.0,,,,,-4.0,,,,,,,,,,,,-3.0,,,,,2.0,2.0,,,,,,,-3.0,,,,,,,,,,,,,,0.0,,,,,,1.0,-5.0,0.0,-2.0,-2.0,0.0,-2.0,-2.0,-2.0,0.0,-2.0,-2.0,-2.0,,,,,,,,,,,-8.0,,,,,,,-2.0,0.0,-4.0,,-2.0,-8.0,-2.0,,,,,,,4.0,,,,,,,,,2.0,-1.0,-6.0,,,,,,,,,,,,,,,,,,,,0.0,,,,,,,,-8.0,-1.0,,,0.0,0.0,0.0,,,,,,,,,,,,,,,,,,,,,,,,,,,,,,,,,,,,,,,,,,,,,,,,,,,,,,,,,,,,,,,,,,,,,,,,,,,,,,,,,,,,,,,,,,,,,
3139.0,2000.0,1,2004.0,2,Formou,,,-2.0,,,,0.0,0.0,,,,-2.0,,,,,0.0,,,,,,,,,,,,-3.0,,,,,0.0,0.0,,,,,,,0.0,,,,,,,,,,,,,,0.0,,,,,,1.0,0.0,0.0,-2.0,-2.0,-2.0,-2.0,-2.0,0.0,0.0,-2.0,-2.0,-2.0,,,,,,,,,,,-2.0,,,,,,,-2.0,0.0,-2.0,,-2.0,-2.0,-2.0,,,,,,,0.0,0.0,,,,,,,,0.0,0.0,0.0,,,,,,,,,,,,,,,,,,,,,,,,,,,,-2.0,-1.0,,,,,0.0,-2.0,0.0,0.0,0.0,,,,,,,,,,,,,,,,,,,,,,,,,,,,,,,,,,,,,,,,,,,,,,,,,,,,,,,,,,,,,,,,,,,,,,,,,,,,,,,,,,,,,,,,,
3611.0,2000.0,2,2002.0,1,NaoFormou,,,,,,,,,,,,,,,,,,,,,,,,,,,,,,,,,,,,0.0,,,,,,,,,,,,,,,,,,0.0,,,,,,,,,,,,,,,,,,,,,,,,,,,,,,,1.0,,,,,,,,,,,,,,,,,,,,,,,,,,,,,,,,,,,,,,,,,,,,,,,,,,,,,,,,,,,,,,,,,,,,,,,,,,,,,,,,,,,,,,,,,,,,,,,,,,,,,,,,,,,,,,,,,,,,,,,,,,,,,,,,,,,,,,,,,,,,,,,,,,,,,,,,,,,,,,
54056.0,2000.0,1,2003.0,2,Formou,,,0.0,,,,2.0,2.0,,,,0.0,,,,,2.0,,,,,,,,,,,,-1.0,,,,,2.0,2.0,,,,,,,2.0,,,,,,,,,,,,,,2.0,,,,,0.0,3.0,2.0,2.0,0.0,0.0,0.0,0.0,-2.0,0.0,2.0,0.0,0.0,1.0,,,,,,,,,,,0.0,,,,,,,0.0,2.0,0.0,,1.0,1.0,0.0,,,,,,,4.0,,,,,,,,,2.0,-1.0,,,,,,,2.0,,,,,,,,,,,,,,,,,,,,,,-2.0,1.0,,,,,,,,,,,,,,,,,,,,,,,,,,,,,,,,,,,,,,,,,,,,,,,,,,,,,,,,,,,,,,,,,,,,,,,,,,,,,,,,,,,,,,,,,,,,,,,,,,
54059.0,2000.0,1,2005.0,2,Formou,,,0.0,-6.0,0.0,,0.0,0.0,,,,0.0,,,,,0.0,,,,,,,,,,,,-3.0,,,,,-6.0,0.0,,,,,,,-3.0,,,,,,,,,,,,,,0.0,,,,,,1.0,0.0,0.0,,-2.0,1.0,-2.0,-2.0,0.0,0.0,-2.0,0.0,-2.0,,,,,,,,,,,-2.0,,,,,,,-2.0,0.0,-2.0,,-2.0,-2.0,-2.0,,,,,,,0.0,,,,,,,,,0.0,0.0,0.0,,,,,,,,,,,,,,,,,,,,,,,,,,,,-2.0,-1.0,,,,,0.0,,,,,,,,,,,,,,,,,,,,,,,,,,,,,,,,,,,,,,,,,,,,,,,,,,,,,,,,,,,,,,,,,,,,,,,,,,,,,,,,,,,,,,,,,,,,,
54060.0,2000.0,1,2002.0,2,NaoFormou,,,0.0,,,,2.0,,,,,,,,,,,,,,,,,,,,,,,,,,,2.0,,,,,,,,,,,,,,,,,,,,,,,,,,,,,,,,,,,,,,,,,,,,,,,,,,,0.0,,,,,,,,,,,,,,,,,,,,,,,,,,,,,,,,,,,,,,,,,,,,,,,,,,,,,,,,,,,,,,,,,,,,,,,,,,,,,,,,,,,,,,,,,,,,,,,,,,,,,,,,,,,,,,,,,,,,,,,,,,,,,,,,,,,,,,,,,,,,,,,,,,,,,,,,,,,,,,
54063.0,2000.0,1,2003.0,1,NaoFormou,,,,,0.0,,,,,,,,,,,,,,,,,,,,,,,,,,,,,,,,,,,,,,,,,,,,,,,,,,,,,,,,,,,,,,,,,,,,,,,,,,,,,,,,,,,,,,,,,,,,,,,,,,,,,,,,,,,,,,,,,,,,,,,,,,,,,,,,,,,,,,,,,,,,,,,,,,,,,,,,,,,,,,,,,,,,,,,,,,,,,,,,,,,,,,,,,,,,,,,,,,,,,,,,,,,,,,,,,,,,,,,,,,,,,,,,,,,,,,,,,,,,,,
54064.0,2000.0,1,2004.0,1,Formou,,,0.0,-2.0,0.0,,2.0,2.0,,,,0.0,,,,,2.0,,,,,,,,,,,,-1.0,,,,,2.0,2.0,,,,,,,2.0,,,,,,,,,,,,,,2.0,,,,,0.0,3.0,2.0,2.0,0.0,0.0,0.0,0.0,-2.0,0.0,2.0,0.0,0.0,1.0,0.0,,,,,,,,,,0.0,,,,,,,0.0,2.0,0.0,,1.0,1.0,0.0,,,,,,,4.0,-2.0,,,,,,,,2.0,-1.0,,,,,,,,,,,,,,,,,,,,,,,,,,,,,-2.0,1.0,,,,,,,,,,,,,,,,,,,,,,,,,,,,,,,,,,,,,,,,,,,,,,,,,,,,,,,,,,,,,,,,,,,,,,,,,,,,,,,,,,,,,,,,,,,,,,,,,,
54065.0,2000.0,1,2004.0,2,Formou,,,0.0,-2.0,0.0,,2.0,2.0,,,,0.0,,,,,2.0,,,,,,,,,,,,-3.0,,,,,2.0,2.0,,,,,,,-1.0,,,,,,,,,,,,,,2.0,,,,,0.0,3.0,2.0,2.0,1.0,0.0,0.0,0.0,-2.0,-3.0,2.0,0.0,1.0,1.0,,,,,,,,,,,0.0,,,,,,,0.0,2.0,1.0,,-3.0,0.0,0.0,,,,,,,4.0,,,,,,,,,2.0,-1.0,,,,,,,,,,,,,,,,,,,,,,,,,,,,,-2.0,1.0,,,,,,,,,,,,0.0,0.0,0.0,,,,,,,,,,,,,,,,,,,,,,,,,,,,,,,,,,,,,,,,,,,,,,,,,,,,,,,,,,,,,,,,,,,,,,,,,,,,,,,,,,,,
54066.0,2000.0,1,2003.0,2,NaoFormou,0.0,,0.0,,,2.0,2.0,,,,,,,,,,,,,,,,,,,,,,,,,,,,,,,,,,,,,,,,,,,,,,,,,,,,,,,,,,,,,,,,,,,,,,,,,,,,,,,,,,,,,,,,,,,,,,,,,,,,,,,,,,,,,,,,,,,,,,,,,,,,,,,,,,,,,,,,,,,,,,,,,,,,,,,,,,,,,,,,,,,,,,,,,,,,,,,,,,,,,,,,,,,,,,,,,,,,,,,,,,,,,,,,,,,,,,,,,,,,,,,,,,,,,,,,,,,,
54067.0,2000.0,1,2004.0,1,Formou,,,0.0,0.0,0.0,,2.0,2.0,,,,0.0,,,,,2.0,,,,,,,,,,,,-1.0,,,,,2.0,-4.0,,,,,,,2.0,,,,,,,,,,,,,,2.0,,,,,0.0,3.0,2.0,2.0,0.0,0.0,0.0,0.0,-2.0,0.0,2.0,0.0,0.0,1.0,0.0,,,,,,,,,,0.0,,,,,,,0.0,2.0,0.0,,1.0,1.0,0.0,,,,,,,4.0,,,,,,,,,2.0,-1.0,,,,,,,,,,,,,,,,,,,,,,,,,,,,,-2.0,1.0,,,,,,,,,,,,,,,,,,,,,,,,,,,,,,,,,,,,,,,,,,,,,,,,,,,,,,,,,,,,,,,,,,,,,,,,,,,,,,,,,,,,,,,,,,,,,,,,,,
54068.0,2000.0,1,2004.0,1,NaoFormou,,,0.0,,,,,,,,,,,,,,,,,,,,,,,,,,,,,,,,,,,,,,,,,,,,,,,,,,,,,,,,,,,,,,,,,,,,,,,,,,,,,,,,,,,,,,,,,,,,,,,,,,,,,,,,,,,,,,,,,,,,,,,,,,,,,,,,,,,,,,,,,,,,,,,,,,,,,,,,,,,,,,,,,,,,,,,,,,,,,,,,,,,,,,,,,,,,,,,,,,,,,,,,,,,,,,,,,,,,,,,,,,,,,,,,,,,,,,,,,,,,,,,,
54070.0,2000.0,1,2002.0,1,NaoFormou,,,0.0,,0.0,,,,,,,,,,,,,,,,,,,,,,,,,,,,,,,,,,,,,,,,,,,,,,,,,,,,,,,,,,,,,,,,,,,,,,,,,,,,,,,,,,,,,,,,,,,,,,,,,,,,,,,,,,,,,,,,,,,,,,,,,,,,,,,,,,,,,,,,,,,,,,,,,,,,,,,,,,,,,0.0,0.0,0.0,,,,,,,,,,,,,,,,,,,,,,,,,,,,,,,,,,,,,,,,,,,,,,,,,,,,,,,,,,,,,,,,,,,,,,,,,,,,,,,
54072.0,2000.0,1,2005.0,2,NaoFormou,,,0.0,,,,0.0,,,,,,,,,,,,,,,,,,,,,,,,,,,,,,,,,,,,,,,,,,,,,,,,,,,,,,,,,,,,,,,,,,,,,,,,,,,,,,,,,,,,,,,,,,,,,,,,,,,,,,,,,,,,,,,,,,,,,,,,,,,,,,,,,,,,,,,,,,,,,,,,,,,,,,,,,,,,,,-2.0,,,,,,,,,,,,,,,,,,,,,,,,,,,,,,,,,,,,,,,,,,,,,,,,,,,,,,,,,,,,,,,,,,,,,,,,,,,,,,
54073.0,2000.0,1,2003.0,1,NaoFormou,,,0.0,,0.0,,2.0,,,,,0.0,,,,,2.0,,,,,,,,,,,,,,,,,2.0,,,,,,,,,,,,,,,,0.0,,,,,,,,,,,,,,,,0.0,0.0,0.0,,,,,,,,,,,,,,,,,0.0,,,,,,,,,,,,,,,,,,,,,,,,,,,,,,,,,,,,,,,,,,,,,,,,,,,,,,,,,,,-2.0,,,,,,,,,,,,,,,,,,,,,,,,,,,,,,,,,,,,,,,,,,,,,,,,,,,,,,,,,,,,,,,,,,,,,,,,,,,,,,,,,,,,,,,,,,,,,,,,,,,
54076.0,2000.0,1,2004.0,2,Formou,,,0.0,-2.0,0.0,,2.0,2.0,,,,0.0,,,,,2.0,,,,,,,,,,,,-1.0,,,,,2.0,-7.0,,,,,,,-1.0,,,,,,,,,,,,,,2.0,,,,,0.0,3.0,2.0,2.0,0.0,0.0,0.0,0.0,-2.0,0.0,2.0,0.0,0.0,1.0,0.0,,,,,,,,,,0.0,,,,,,,0.0,2.0,0.0,,1.0,0.0,0.0,,,,,,,4.0,-2.0,,,,,,,,2.0,-1.0,,,,,,,,,,,,,,,,,,,,,,,,,,,,,-8.0,1.0,,,,,,,,,,,,,,,,,,,,,,,,,,,,,,,,,,,,,,,,,,,,,,,,,,,,,,,,,,,,,,,,,,,,,,,,,,,,,,,,,,,,,,,,,,,,,,,,,,
54077.0,2000.0,1,2004.0,2,NaoFormou,0.0,,0.0,0.0,0.0,1.0,2.0,-1.0,0.0,,,0.0,,,,,2.0,,,,,,,,,,,,0.0,,,,,2.0,2.0,,0.0,,,,,,,,,,,,,,,,,,,,,,,,,,,,,,,,,,,,,,,,,,,,,,,,,,,,,,,,,,,,,,,,,,,,,,,1.0,,,,,,,,,,,,,,,,,,,,,,,,,,,,,,,,,,,,,,,,,,,,,,,,,,,,,,,,,,,,,,,,,,,,,,,,,,,,,,,,,,,,,,,,,,,,,,,,,,,,,,,,,,,,,,,,,,,,,,,,,,,,,,,,,,,,,,,
54078.0,2000.0,1,2003.0,2,NaoFormou,0.0,,0.0,,0.0,,2.0,,,,,0.0,,,,,,,,,,,,,,,,,,,,,,2.0,,,,,,,,,,,,,,,,,,,,,,,,,,,,,,,,,,,,,,,,,,,,,,,,,,,,,,,,,,,,,,,,,,,,,,,,,,,,,,,,,,,,,,,,,,,,,,,,,,,,,,,,,,,,,,,,,,,,,,,,,,,,,,,,,,,,,,,,,,,,,,,,,,,,,,,,,,,,,,,,,,,,,,,,,,,,,,,,,,,,,,,,,,,,,,,,,,,,,,,,,,,,,,,,,
54079.0,2000.0,1,2005.0,2,Formou,,,0.0,0.0,0.0,,2.0,2.0,,,,-4.0,,,,,0.0,,,,,,,,,,,,-3.0,,,,,2.0,-4.0,,,,,,,0.0,,,,,,,,,,,,,,2.0,,,,,,1.0,-2.0,2.0,,0.0,0.0,0.0,-4.0,0.0,2.0,0.0,0.0,-4.0,,,,,,,,,,,0.0,,,,,,,-2.0,2.0,-6.0,,-4.0,-4.0,-2.0,,,,,,,4.0,,,,,,,,,2.0,-1.0,-2.0,,,,,,2.0,,,,,,,,,,,,,,0.0,,,,,,,,-6.0,1.0,,,,,0.0,,,,,,,,,,,,,,,,,0.0,,,,,,,,,,,,,,,,,,,,,,,,,,,,,,,,,,,,,,,,,,,,,,,,,,,,,,,,,,,,,,,,,,,,,,,,,,,,
54198.0,2000.0,1,2002.0,1,NaoFormou,0.0,,0.0,,,,2.0,,,,,,,,,,,,,,,,,,,,,,,,,,,,,,,,,,,,,,,,,,,,,,,,,,,,,,,,,,,,,,,,,,,,,,,,,,,,,,,,,,,,,,,,,,,,,,,,,,,,,,,,,,,,,,,,,,,,,,,,,,,,,,,,,,,,,,,,,,,,,,,,,,,,,,,,,,,,,,,,,,,,,,,,,,,,,,,,,,,,,,,,,,,,,,,,,,,,,,,,,,,,,,,,,,,,,,,,,,,,,,,,,,,,,,,,,,,,
54834.0,2000.0,1,2005.0,2,Formou,,,,-10.0,0.0,,2.0,2.0,,,,0.0,,,,,0.0,,,,,,,,,,,,-3.0,,,,,2.0,,,,,,,,0.0,,,,,,,,,,,,,,-2.0,,,,,1.0,1.0,2.0,-2.0,,-2.0,-6.0,-6.0,-4.0,-2.0,0.0,0.0,0.0,0.0,,,,,,,,,,,0.0,,,,,,,,2.0,-4.0,,-4.0,-6.0,0.0,,,,,,,-5.0,-2.0,,,,,,,,-2.0,-4.0,-4.0,,,,,,,,,,,,,,,,,,,,0.0,,,,,,,,-4.0,-1.0,,,,,0.0,-4.0,,,,,,,,,,,,,,,,,,,,,,,,,,,,,,,,,,,,,,,,,,,,,,,,,,,,,,,,,,,,,,,,,,,,,,,,,,,,,,,,,,,,,,,,,,,,
55333.0,2000.0,1,2004.0,2,Formou,,,,-6.0,,,,,,,,,,,,0.0,,0.0,,,,,,,,,,,3.0,,,,,-3.0,,,,,,,,4.0,,,,,,,,,,,,,,2.0,,,,,5.0,4.0,1.0,,0.0,,,,,,,2.0,,,,,,,,,,,,,,,,,,,,2.0,2.0,-3.0,,,,,,,,,,,,0.0,,,,,,,,,,,,,,,,,,,,,,,,,,,,,,,,,,,,,,,,,,,,,,,,,,,,,,,,,,,,,,,,,,,,,,,,,,,,,,,,,,,,,,,,,,,,,,,,,,,,,,,,,,,,,,,,,,,,,,,,,,,,,,,,,,,,,,,,,
1403.0,2001.0,1,2004.0,2,Formou,,,0.0,0.0,0.0,,2.0,2.0,,,,0.0,,,,,2.0,,,,,,,,,,,,-1.0,,,,,2.0,2.0,,,,,,,2.0,,,,,,,,,,,,,,2.0,,,,,,3.0,2.0,2.0,0.0,0.0,0.0,0.0,0.0,2.0,2.0,0.0,0.0,0.0,,,,,,,,,,,0.0,,,,,,,0.0,2.0,0.0,,0.0,0.0,0.0,,,,,,,2.0,2.0,,,,,,,,2.0,2.0,2.0,,,,,,2.0,,,,,,,,,,,,,,0.0,,,,,,,,0.0,1.0,,,,,0.0,0.0,,,,,,,,,,,,,,0.0,,,0.0,,,,,,,,,,,,,,,,,,,,,,,,,,,,,,,,,,,,,,,,,,,,,,,,,,,,,,,,,,,,,,,,,,,,,,,,,,,
1472.0,2001.0,1,2004.0,2,Formou,,,0.0,0.0,0.0,,2.0,2.0,,,,0.0,,,,,-2.0,,,,,,,,,,,,-1.0,,,,,-4.0,2.0,,,,,,,2.0,,,,,,,,,,,,,,2.0,,,,,,3.0,2.0,2.0,0.0,0.0,0.0,0.0,0.0,-1.0,2.0,0.0,0.0,0.0,,,,,,,,,,,0.0,,,,,,,0.0,2.0,0.0,,0.0,0.0,0.0,,,,,,,2.0,2.0,,,,,,,,2.0,2.0,2.0,,,,,,2.0,,,,,,,,,,,,,,0.0,,,,,,,,0.0,1.0,,,0.0,,0.0,0.0,,,,,,,,,,,,,,0.0,,,,,,,,,,,,,,,,,,,,,,,,,,,,,,,,,,,,,,,,,,,,,,,,,,,,,,,,,,,,,,,,,,,,,,,,,,,,,,
1473.0,2001.0,1,2003.0,2,Formou,,,,,,,-2.0,6.0,,,,,,,,,,,,,,,,,,,,,1.0,,,,,,,,,,,,,4.0,,,,,,,,,,,,,,4.0,,,,,2.0,5.0,4.0,6.0,2.0,4.0,,-2.0,0.0,2.0,6.0,4.0,4.0,3.0,,,,,,,,,,,,,,,,,,2.0,6.0,2.0,,3.0,,,,,,,,,,,,,,,,,,3.0,3.0,,,,,,,,,,,,,,,,,,,,,,,,,,,,,,3.0,,,,,,,,,,,,,,,,,,,,-4.0,,,,,,,,,,,,,,,,,,,,,,,,,,,,,,,,,,,,,,,,,,,,,,,,,,,,,,,,,,,,,,,,,,,,,,,,,,,,,,
1475.0,2001.0,1,2004.0,2,Formou,,,0.0,0.0,0.0,,2.0,2.0,,,,0.0,,,,,2.0,,,,,,,,,,,,-1.0,,,,,2.0,2.0,,,,,,,2.0,,,,,,,,,,,,,,2.0,,,,,,3.0,2.0,2.0,0.0,0.0,0.0,0.0,0.0,0.0,2.0,0.0,0.0,0.0,,,,,,,,,,,0.0,,,,,,,0.0,2.0,0.0,,0.0,0.0,0.0,,,,,,,2.0,2.0,,,,,,,,-2.0,2.0,2.0,,,,,,,,,,,,,,,,,,,,,,,,,,,,0.0,1.0,,,0.0,0.0,0.0,0.0,,,,,,,,,,,,,,0.0,,,,0.0,,,,,,,,,,,,,,,,,,,,,,,,,,,,,,,,,,,,,,,,,,,,,,,,,,,,,,,,,,,,,,,,,,,,,,,,,,
1476.0,2001.0,1,2004.0,2,Formou,,,0.0,0.0,0.0,,2.0,2.0,,,,0.0,,,,,2.0,,,,,,,,,,,,-1.0,,,,,2.0,2.0,,,,,,,2.0,,,,,,,,,,,,,,2.0,,,,,,3.0,2.0,2.0,0.0,0.0,0.0,0.0,0.0,2.0,2.0,0.0,0.0,0.0,,,,,,,,,,,0.0,,,,,,,0.0,2.0,0.0,,0.0,0.0,0.0,,,,,,,2.0,2.0,,,,,,,,2.0,2.0,2.0,,,,,,,,,,,,,,,,,,,,0.0,,,,,,,,0.0,1.0,,,0.0,,0.0,0.0,,,0.0,,,,,,,,,,,0.0,,,,,,,,,,,,,,,,,,,,,,,,,,,,,,,,,,,,,,,,,,,,,,,,,,,,,,,,,,,,,,,,,,,,,,,,,,,,,,
1478.0,2001.0,1,2004.0,2,Formou,,,0.0,0.0,0.0,,2.0,2.0,,,,0.0,,,,,2.0,,,,,,,,,,,,-1.0,,,,,2.0,2.0,,,,,,,2.0,,,,,,,,,,,,,,2.0,,,,,,3.0,2.0,2.0,0.0,0.0,0.0,0.0,0.0,2.0,2.0,0.0,0.0,0.0,,,,,,,,,,,0.0,,,,,,,0.0,2.0,0.0,,0.0,0.0,0.0,,,,,,,2.0,2.0,,,,,,,,2.0,2.0,2.0,,,,,,,,,,,,,,,,,,,,,,,,,,,,0.0,1.0,,,,,0.0,0.0,,,,,,,,,,,,,,0.0,,,,,0.0,0.0,0.0,,,,,,,,,,,,,,,,,,,,,,,,,,,,,,,,,,,,,,,,,,,,,,,,,,,,,,,,,,,,,,,,,,,,,,,
1479.0,2001.0,1,2003.0,2,NaoFormou,,,0.0,,0.0,,2.0,,,,,,,,,,,,,,,,,,,,,,,,,,,,2.0,,,,,,,,,,,,,,,,,,,,,,,,,,,,,,,,,,,,,,,,,,,,,,,,,,0.0,,,,,,,,,,,,,,,,,,,,,,,,,,,,,,,,,,,,,,,,,,,,,,,,,,,,,,,,,,,0.0,,,,,,,,,,,,,,,,,,,,,0.0,,,,,,,,,,,,,,,,,,,,,,,,,,,,,,,,,,,,,,,,,,,,,,,,,,,,,,,,,,,,,,,,,,,,,,,,,,,,,,
1480.0,2001.0,1,2004.0,2,Formou,,,0.0,0.0,0.0,,2.0,2.0,,,,0.0,,,,,2.0,,,,,,,,,,,,-1.0,,,,,2.0,2.0,,,,,,,2.0,,,,,,,,,,,,,,2.0,,,,,,3.0,2.0,2.0,0.0,0.0,0.0,0.0,0.0,-1.0,2.0,0.0,0.0,0.0,,,,,,,,,,,0.0,,,,,,,0.0,2.0,0.0,,0.0,1.0,0.0,,,,,,,2.0,2.0,,,,,,,,2.0,2.0,-1.0,,,,,,,,,,,,,,,,,,,,0.0,,,,,,,,0.0,1.0,,,,,0.0,0.0,,,,,,,,,,,,,,0.0,,,,,,,,0.0,0.0,,,,,,,,,,,,,,,,,,,,,,,,,,,,,,,,,,,,,,,,,,,,,,,,,,,,,,,,,,,,,,,,,,,,,
1482.0,2001.0,1,2004.0,2,Formou,,,0.0,0.0,0.0,,2.0,2.0,,,,0.0,,,,,2.0,,,,,,,,,,,,-1.0,,,,,2.0,2.0,,,,,,,2.0,,,,,,,,,,,,,,2.0,,,,,,3.0,2.0,2.0,0.0,0.0,0.0,0.0,0.0,2.0,2.0,0.0,0.0,0.0,,,,,,,,,,,0.0,,,,,,,0.0,2.0,0.0,,0.0,0.0,0.0,,,,,,,2.0,2.0,,,,,,,,2.0,2.0,2.0,,,,,,,,,,,,,,,,,,,,,,,,,,,,0.0,1.0,,,,,0.0,0.0,,,,,,,,,,,,,,0.0,,,0.0,,,,,,,,,,,,,,,,0.0,0.0,,,,,,,,,,,,,,,,,,,,,,,,,,,,,,,,,,,,,,,,,,,,,,,,,,,,,,,,,,
1484.0,2001.0,1,2004.0,2,Formou,,,0.0,0.0,0.0,,2.0,2.0,,,,0.0,,,,,2.0,,,,,,,,,,,,-1.0,,,,,2.0,2.0,,,,,,,2.0,,,,,,,,,,,,,,2.0,,,,,,3.0,2.0,2.0,0.0,0.0,0.0,0.0,0.0,2.0,2.0,0.0,0.0,0.0,,,,,,,,,,,0.0,,,,,,,0.0,2.0,0.0,,0.0,0.0,0.0,,,,,,,2.0,2.0,,,,,,,,2.0,2.0,2.0,,,,,,,,,,,,,,,,,,,,0.0,,,,,,,,0.0,1.0,,,,,0.0,0.0,,0.0,,,,,,,,,,,,0.0,,,0.0,,,,,,,,,,,,,,,,,,,,,,,,,,,,,,,,,,,,,,,,,,,,,,,,,,,,,,,,,,,,,,,,,,,,,,,,,,,
1485.0,2001.0,1,2005.0,2,NaoFormou,,,0.0,0.0,0.0,,,4.0,,,,,,,,,,,,,,,,,,,,,,,,,,,,,,,,,,,,,,,,,,,,,,,,,,,,,,,,,,,-2.0,,-2.0,0.0,,,0.0,,,,,,,,,,,,0.0,,,,,,,,,,,,,5.0,,,,,,,,,,,,,,,,,,,,,,,,,,,,,,,,,,,,,,,,,,,,,,0.0,,,,,,,0.0,,,,,,,,,,,,,,0.0,,,,,,,,,,,,,,,,,,,,,,,,,,,,,,,,,,,,,,,,,,,,,,,,,,,,,,,,,,,,,,,,,,,,,,,,,,,,,,
1486.0,2001.0,1,2005.0,2,Formou,,,0.0,0.0,0.0,,2.0,2.0,,,,0.0,,,,,2.0,,,,,,,,,,,,-1.0,,,,,2.0,2.0,,,,,,,0.0,,,,,,,,,,,,,,2.0,,,,,,3.0,-4.0,2.0,0.0,0.0,0.0,0.0,0.0,0.0,2.0,0.0,0.0,0.0,,,,,,,,,,,0.0,,,,,,,0.0,2.0,0.0,,-1.0,-5.0,0.0,,,,,,,2.0,0.0,,,,,,,,0.0,2.0,-5.0,,,,,,,,,,,,,,,,,,,,,,,,,,,,0.0,1.0,,,,0.0,0.0,0.0,,,,,,,,,,,,,,0.0,,,,,,0.0,,,,,,,,,,,,,,,,,,,,,,,,,,,,,,,,,,,,,,,,,,,,,,,,,,,,,,,,,,,,,,,,,,,,,,,,
1488.0,2001.0,1,2005.0,2,NaoFormou,,,0.0,0.0,0.0,,2.0,6.0,,,,,,,,,,,,,,,,,,,,,,,,,,,,,,,,,,,,,,,,,,,,,,,,,,,,,,,,,,,0.0,0.0,0.0,2.0,,,,,,,,,,,,,,,0.0,,,,,,,,,,,,0.0,,,,,,,,,,,,,,,,,,,2.0,,,,,,,,,,,,,,,,,,,,,,,,,,,,0.0,,,,,,,0.0,,,,,,,,,,,,,,0.0,,,,,,,,,,,,,,,,,,,,,,,,,,,,,,,,,,,,,,,,,,,,,,,,,,,,,,,,,,,,,,,,,,,,,,,,,,,,,,
1489.0,2001.0,1,2004.0,2,Formou,,,0.0,0.0,0.0,,2.0,2.0,,,,0.0,,,,,2.0,,,,,,,,,,,,-1.0,,,,,2.0,2.0,,,,,,,2.0,,,,,,,,,,,,,,2.0,,,,,,3.0,2.0,2.0,0.0,0.0,0.0,0.0,0.0,2.0,2.0,0.0,0.0,0.0,,,,,,,,,,,0.0,,,,,,,0.0,2.0,0.0,,0.0,0.0,0.0,,,,,,,2.0,2.0,,,,,,,,2.0,2.0,2.0,,,,,,,,,,,,,,,,,,,,,,,,,,,,0.0,1.0,,,,,0.0,0.0,,,,,,,,,,,,,,0.0,,,0.0,,,,,,,,,,,,,,,,0.0,0.0,,,,,,,,,,,,,,,,,,,,,,,,,,,,,,,,,,,,,,,,,,,,,,,,,,,,,,,,,,
1493.0,2001.0,1,2004.0,2,Formou,,,0.0,0.0,0.0,,2.0,2.0,,,,0.0,,,,,2.0,,,,,,,,,,,,-1.0,,,,,2.0,2.0,,,,,,,2.0,,,,,,,,,,,,,,2.0,,,,,,3.0,2.0,2.0,0.0,0.0,0.0,0.0,0.0,2.0,2.0,0.0,0.0,0.0,,,,,,,,,,,0.0,,,,,,,0.0,2.0,0.0,,0.0,0.0,0.0,,,,,,,2.0,2.0,,,,,,,,2.0,2.0,2.0,,,,,,,,,,,,,,,,,,,,0.0,,,,,,,,0.0,1.0,,,,,0.0,0.0,,,,,,,,,,,,,,0.0,,,,,,,,0.0,0.0,,,,,,,,,,,,,,,,,,,,,,,,,,,,,,,,,,,,,,,,,,,,,,,,,,,,,,,,,,,,,,,,,,,,,
9757.0,2001.0,1,2004.0,1,NaoFormou,,,-2.0,,,,,,,,,,,,,,,,,,,,,,,,,,,,,,,,,,,,,,,,,,,,,,,,,,,,,,,,,,,,,,,,,,,,,,,,,,,,,,,,,,-2.0,,,,,,,,,,,,,,,,,,,,,,,,,,,,,,,,,,,,,,,,,,,,,,,,,,,,,,,,,,,,,,,,,,-2.0,,,,,,,,,,,,,,,,,,,,,,,,,,,,,,,,,,,,,,,,,,,,,,,,,,,,,,,,,,,,,,,,,,,,,,,,,,,,,,,,,,,,,,,,,,,,
17346.0,2001.0,1,2004.0,2,Formou,,,0.0,0.0,0.0,,2.0,2.0,,,,0.0,,,,,2.0,,,,,,,,,,,,-1.0,,,,,2.0,2.0,,,,,,,2.0,,,,,,,,,,,,,,2.0,,,,,,3.0,2.0,2.0,0.0,0.0,0.0,0.0,0.0,2.0,2.0,0.0,0.0,0.0,,,,,,,,,,,0.0,,,,,,,0.0,2.0,0.0,,0.0,0.0,0.0,,,,,,,2.0,2.0,,,,,,,,2.0,2.0,2.0,,,,,,,,,,,,,,,,,,,,0.0,,,,,,,,0.0,1.0,,,,,0.0,0.0,,,,,,,,,,,,,,0.0,,,,,,,,0.0,0.0,,,,,,,,,,,,,,,,,,,,,,,,,,,,,,,,,,,,,,,,,,,,,,,,,,,,,,,,,,,,,,,,,,,,,
17592.0,2001.0,1,2004.0,2,Formou,,,0.0,0.0,0.0,,2.0,2.0,,,,0.0,,,,,2.0,,,,,,,,,,,,-1.0,,,,,2.0,2.0,,,,,,,2.0,,,,,,,,,,,,,,2.0,,,,,,3.0,2.0,2.0,0.0,0.0,0.0,0.0,0.0,2.0,2.0,0.0,0.0,0.0,,,,,,,,,,,0.0,,,,,,,0.0,2.0,0.0,,0.0,0.0,,,,,,,,2.0,2.0,,,,,,,,2.0,2.0,2.0,,,,,,4.0,,,,,,,,,,,,,,,,,,,,,,0.0,1.0,,,,,0.0,0.0,,,,,,,,,,,,,,0.0,,,,,,,,,,,,,,,,,,,,,,0.0,0.0,0.0,,,,,,,,,,,,,,,,,,,,,,,,,,,,,,,,,,,,,,,,,,,,,,,,,,,,,,
31469.0,2002.0,1,2005.0,2,Formou,,,0.0,0.0,0.0,,2.0,2.0,,,,0.0,,,,,2.0,,,,,,,,,,,,-1.0,,,,,2.0,2.0,,,,,,,2.0,,,,,,,,,,,,,,2.0,,,,,,3.0,2.0,2.0,,0.0,0.0,0.0,0.0,2.0,2.0,0.0,0.0,0.0,,,,,,,,,,,0.0,,,,,,,,2.0,0.0,,0.0,0.0,,,,,,,,2.0,2.0,,,,,,,,2.0,2.0,2.0,,,,,,2.0,,,,,,,,,,,0.0,0.0,,0.0,,,,,,,,0.0,1.0,,,,,0.0,0.0,,,,,,,,,,,,,,0.0,,,,,,,,,,,,,,,,,,,,,,,,,,,,,,,,,,,,,,,,,,,,,,,,,,,,,,,,,,,,,,,,,,,,,,,,,,,,,,
32075.0,2002.0,1,2005.0,2,Formou,,,0.0,0.0,0.0,,2.0,2.0,,,,0.0,,,,,2.0,,,,,,,,,,,,-1.0,,,,,2.0,2.0,,,,,,,2.0,,,,,,,,,,,,,,2.0,,,,,,3.0,2.0,2.0,,0.0,0.0,0.0,0.0,2.0,2.0,0.0,0.0,0.0,,,,,,,,,,,0.0,,,,,,,,2.0,1.0,,0.0,0.0,,,,,,,,2.0,2.0,,,,,,,,2.0,2.0,2.0,,,,,,2.0,,,,,,,,,,,0.0,,,0.0,,,,,,,,0.0,1.0,,,,,0.0,0.0,,,,,,,,,,,,,,0.0,,,,,,,,,,,,,,,,,,,,,,,,,,,,,,,,,,,,,,,,,,,,,,,,,,,,,,,,,,,,,,,,,,,,,,,,,,,,,,
33338.0,2002.0,1,2005.0,2,Formou,,,0.0,0.0,0.0,,2.0,2.0,,,,-2.0,,,,,2.0,,,,,,,,,,,,-1.0,,,,,,,,,,,,,2.0,,,,,,,,,,,,,,2.0,,,,,,3.0,0.0,2.0,,0.0,0.0,0.0,0.0,,2.0,0.0,0.0,0.0,,,,,,,,,,,0.0,,,,,,,,2.0,0.0,,0.0,0.0,,,,,,,,2.0,2.0,,,,,,,,2.0,2.0,-1.0,,,,,,2.0,,,,,,,,,,,0.0,,,0.0,,,,,,,,0.0,1.0,,,,,0.0,0.0,,,,,,,,,,,,,,0.0,,,,,,,,,,,,,,,,,,,,,,,,,0.0,,,,,,,,,,,,,,,,,,,,,,,,,,,,,,,,,,,,,,,,,,,,,,,,,,,,,
33398.0,2002.0,1,2005.0,2,Formou,,,0.0,0.0,1.0,,2.0,2.0,,,,0.0,,,,,2.0,,,,,,,,,,,,-1.0,,,,,,,,,,,,,2.0,,,,,,,,,,,,,,2.0,,,,,,3.0,2.0,2.0,,0.0,0.0,0.0,0.0,2.0,2.0,0.0,0.0,0.0,,,,,,,,,,,0.0,,,,,,,,2.0,0.0,,0.0,0.0,,,,,,,,2.0,2.0,,,,,,,,2.0,2.0,2.0,,,,,,2.0,,,,,,,,,,,0.0,,,0.0,,,,,,,,0.0,1.0,,,,,0.0,0.0,,,,,,,,,,,,,,0.0,,,,,,,,,,,,,,,,,,,,,,,,,0.0,,,,,,,,,,,,,,,,,,,,,,,,,,,,,,,,,,,,,,,,,,,,,,,,,,,,,
56436.0,2002.0,1,2005.0,1,NaoFormou,,,0.0,,,,,,,,,,,,,,,,,,,,,,,,,,,,,,,2.0,,,,,,,,,,,,,,,,,,,,,,,,,,,,,,,,,,,,,,,,,,,,,,,,,,,,,,,,,,,,,,,,,,,,,,,,,,,,,,,,,,,,,,,,,,,,,,,,,,,,,,,,,,,,,,,,,,,,,,,,,,,,,,,,,,,,,,,,,,,,,,,,,,,,,,,,,,,,,,,,,,,,,,,,,,,,,,,,,,,,,,,,,,,,,,,,,,,,,,,,,,,,,,,,,
56438.0,2002.0,1,2003.0,2,NaoFormou,,,0.0,0.0,,,,,,,,,,,,,,,,,,,,,,,,,,,,,,,,,,,,,,,,,,,,,,,,,,,,,,,,,,,,,,,,,,,,,,,,,,,,,,,,,,,,,,,,,,,,,,,,,,,,,,,,,,,,,,,,,,,,,,,,,,,,,,,,,,,,,,,,,,,,,,,,,,,,,,,,,,,,,,,,,,,,,,,,,,,,,,,,,,,,,,,,,,,,,,,,,,,,,,,,,,,,,,,,,,,,,,,,,,,,,,,,,,,,,,,,,,,,,,,
56439.0,2002.0,1,2005.0,2,Formou,,,0.0,0.0,0.0,,2.0,2.0,,,,0.0,,,,,2.0,,,,,,,,,,,,-1.0,,,,,2.0,2.0,,,,,,,2.0,,,,,,,,,,,,,,2.0,,,,,,3.0,2.0,2.0,,0.0,0.0,0.0,0.0,2.0,2.0,0.0,0.0,0.0,,,,,,,,,,,0.0,,,,,,,,2.0,0.0,,0.0,0.0,,,,,,,,2.0,2.0,,,,,,,,2.0,2.0,2.0,,,,,,2.0,,,,,,,,,,,0.0,,,0.0,,,,,,,,0.0,1.0,,,,,0.0,0.0,,,,,,,,,,,,,,0.0,,,,,,,,,,,,,,,,,,,,,,,,,0.0,,,,,,,,,,,,,,,,,,,,,,,,,,,,,,,,,,,,,,,,,,,,,,,,,,,,,
56440.0,2002.0,1,2005.0,2,Formou,,,0.0,0.0,0.0,,2.0,2.0,,,,0.0,,,,,2.0,,,,,,,,,,,,-1.0,,,,,2.0,2.0,,,,,,,2.0,,,,,,,,,,,,,,2.0,,,,,,3.0,2.0,2.0,,0.0,0.0,0.0,0.0,2.0,2.0,0.0,0.0,0.0,,,,,,,,,,,0.0,,,,,,,,2.0,0.0,,0.0,0.0,,,,,,,,2.0,2.0,,,,,,,,2.0,2.0,2.0,,,,,,2.0,,,,,,,,,,,0.0,,,0.0,,,,,,,,0.0,1.0,,,,,0.0,0.0,,,,,,,,,,,,,,0.0,,,,,,,,,,,,,,,,,,,,,,,,,0.0,,,,,,,,,,,,,,,,,,,,,,,,,,,,,,,,,,,,,,,,,,,,,,,,,,,,,
56442.0,2002.0,1,2005.0,2,NaoFormou,,,0.0,0.0,0.0,,2.0,4.0,,,,0.0,,,,,,,,,,,,,,,,,,,,,,2.0,2.0,,,,,,,,,,,,,,,,,,,,,,,,,,,,,,,,,,0.0,,,,,,,,,,,,,,,,0.0,,,,,,,,,,,,,,,,,,,,,2.0,,,,,,,,,,,,,,,,,,,,,,,,,,,,,,,,,,,,,,0.0,,,,,,,0.0,,,,,,,,,,,,,,0.0,,,,,,,,,,,,,,,,,,,,,,,,,,,,,,,,,,,,,,,,,,,,,,,,,,,,,,,,,,,,,,,,,,,,,,,,,,,,,,
56444.0,2002.0,1,2005.0,2,Formou,,,0.0,0.0,0.0,,2.0,2.0,,,,0.0,,,,,2.0,,,,,,,,,,,,-1.0,,,,,2.0,2.0,,,,,,,2.0,,,,,,,,,,,,,,2.0,,,,,,3.0,2.0,2.0,,0.0,0.0,0.0,0.0,2.0,2.0,0.0,0.0,0.0,,,,,,,,,,,0.0,,,,,,,,2.0,0.0,,1.0,0.0,,,,,,,,2.0,2.0,,,,,,,,2.0,2.0,-1.0,,,,,,2.0,,,,,,,,,,,0.0,,,0.0,,,,,,,,0.0,1.0,,,,,0.0,0.0,,,,,,,,,,,,,,0.0,,,,,,,,,,,,,,,,,,,,,,,,,,,,,,,,,,,,,,,,,,,,,,,,,,,,,,,,,,,,,,,,,,,,,,,,,,,,,,
56445.0,2002.0,1,2005.0,2,Formou,,,0.0,0.0,0.0,,2.0,2.0,,,,0.0,,,,,2.0,,,,,,,,,,,,-1.0,,,,,2.0,2.0,,,,,,,2.0,,,,,,,,,,,,,,2.0,,,,,,3.0,2.0,2.0,,0.0,0.0,0.0,0.0,2.0,2.0,0.0,0.0,0.0,,,,,,,,,,,0.0,,,,,,,,2.0,0.0,,0.0,0.0,,,,,,,,2.0,2.0,,,,,,,,2.0,2.0,2.0,,,,,,,,,,,,,,,,,0.0,,,,,,,,,,,0.0,1.0,,,,0.0,0.0,0.0,,,,,,,,,,,,,,0.0,,,,,,,,,,,,,,,,,,,,,,,,,,,,,,,,,,,,,,,,,,,,,,,,,,,,,,,,,,,,,,,,,,,,,,,,,,,,,,
56447.0,2002.0,1,2005.0,2,Formou,,,0.0,0.0,1.0,,2.0,2.0,,,,-2.0,,,,,0.0,,,,,,,,,,,,-1.0,,,,,-4.0,2.0,,,,,,,2.0,,,,,,,,,,,,,,2.0,,,,,,3.0,-1.0,2.0,,0.0,0.0,0.0,0.0,2.0,2.0,0.0,0.0,0.0,,,,,,,,,,,0.0,,,,,,,,2.0,-2.0,,0.0,0.0,,,,,,,,2.0,2.0,,,,,,,,2.0,2.0,2.0,,,,,,2.0,,,,,,,,,,,0.0,,,0.0,,,,,,,,0.0,1.0,,,,,0.0,0.0,,,,,,,,,,,,,,0.0,,,,,,,,,,,,,,,,,,,,,,,,,0.0,,,,,,,,,,,,,,,,,,,,,,,,,,,,,,,,,,,,,,,,,,,,,,,,,,,,,
56448.0,2002.0,1,2004.0,2,NaoFormou,,,0.0,,,,,,,,,,,,,,,,,,,,,,,,,,,,,,,,,,,,,,,,,,,,,,,,,,,,,,,,,,,,,,,,,,,,,,,,,,,,,,,,,,,,,,,,,,,,,,,,,,,,,,,,,,,,,,,,,,,,,,,,,,,,,,,,,,,,,,,,,,,,,,,,,,,,0.0,,,,,,,,,,,,,,0.0,,,,,,,,,,,,,,,,,,,,,,,,,,,,,,,,,,,,,,,,,,,,,,,,,,,,,,,,,,,,,,,,,,,,,,,,,,,,,,
56450.0,2002.0,1,2004.0,1,NaoFormou,,,,,,,,,,,,2.0,,,,,,,,,,,,,,,,,,,,,,,,,,,,,,,,,,,,,,,,,,,,,,,,,,,,,,,,,,,,,,,,,,,,,,,,,,,,,,,,,,,,,,,,,,,,,,,,,,,,,,,,,,,,,,,,,,,,,,,,,,,,,,,,,,,,,,,,,,,,,,,,,,,,,,,,,,,,,,,,,,,,,,,,,,,,,,,,,,,,,,,,,,,,,,,,,,,,,,,,,,,,,,,,,,,,,,,,,,,,,,,,,,,,,,,
56451.0,2002.0,1,2005.0,2,NaoFormou,,,0.0,0.0,0.0,,2.0,2.0,,,,0.0,,,,,2.0,,,,,,,,,,,,-1.0,,,,,2.0,2.0,,,,,,,,,,,,,,,,,,,,,2.0,,,,,,3.0,2.0,2.0,,0.0,0.0,0.0,0.0,-1.0,2.0,0.0,0.0,0.0,,,,,,,,,,,0.0,,,,,,,,2.0,1.0,,0.0,0.0,,,,,,,,2.0,2.0,,,,,,,,2.0,2.0,0.0,,,,,,,,,,,,,,,,,0.0,,,,,,,,,,,0.0,1.0,,,,,0.0,0.0,,,,,,,,,,,,,,0.0,,,,,,,,,,,,,,,,,,,,,,,,,,,,,,,,,,,,,,,,,,,,,,,,,,,,,,,,,,,,,,,,,,,,,,,,,,,,,,
56456.0,2002.0,1,2005.0,2,Formou,,,,,,,,2.0,,,,,,,,,2.0,,,,,,,,,,,,-1.0,,,,,2.0,2.0,,,,,,,2.0,,,,,,,,,,,,,,2.0,,,,,,3.0,2.0,2.0,,0.0,0.0,0.0,0.0,2.0,2.0,0.0,2.0,2.0,,,,,,,,,,,2.0,,,,,,,,2.0,0.0,,0.0,0.0,2.0,,,,,,,2.0,2.0,,,,,,,,2.0,2.0,2.0,,,,,,,,,,,,,,,,,,,,0.0,,,,,,,,0.0,1.0,,,,,,,,,,,,,,,,,,,,0.0,,,,,,,,,,,,,,,,,,,,,,,,,,,,,,,,,,,,,,,,,,,,,,,,,,,,,,,,,,,,,,,,,,,,,,,,,,,,,,
56457.0,2002.0,1,2004.0,2,NaoFormou,,,0.0,0.0,0.0,,,,,,,,,,,,,,,,,,,,,,,,,,,,,,,,,,,,,,,,,,,,,,,,,,,,,,,,,,,,,,,,,,,,,,,,,,,,,,,,,,,,,,,,,,,,,,,,,,,,,,,,,,,,,,,,,,,,,,,,,,,,,,,,,,,,,,,,,,,,,,,,,,,,,,,,,,,,,,,,0.0,,,,,,,,,,,,,,,,,,,,,,,,,,,,,,,,,,,,,,,,,,,,,,,,,,,,,,,,,,,,,,,,,,,,,,,,,,,,,,
163194.0,2004.0,1,2005.0,2,NaoFormou,,,0.0,0.0,0.0,,2.0,,,,,,,,,,,,,,,,,,,,,,,,,,,2.0,,,,,,,,,,,,,,,,,,,,,,,,,,,,,,,,,,,,,,,,,,,,,,,,,,,,,,,,,,,,,,,,,,,,,,,,,,,,,,,,,,,,,,,,,,,,,,,,,,,,,,,,,,,,,,0.0,,,,,,,,,,,,,,,,,,,,,0.0,,,,,,,,,,,,,,,,,,,,,,,,,,,,,,,,,,,,,,,,,,,,,,,,,,,,,,,,,,,,,,,,,,,,,,,,,,,,,,
